OverallQual,GarageCars,ExterQual,GrLivArea,FullBath,KitchenQual,YearBuilt,1stFlrSF,BsmtQual,Fireplaces,SalePrice
7,2,Gd,1710,2,Gd,2003,856,Gd,0,208500
6,2,TA,1262,2,TA,1976,1262,Gd,1,181500
7,2,Gd,1786,2,Gd,2001,920,Gd,1,223500
7,3,TA,1717,1,Gd,1915,961,TA,1,140000
8,3,Gd,2198,2,Gd,2000,1145,Gd,1,250000
5,2,TA,1362,1,TA,1993,796,Gd,0,143000
8,2,Gd,1694,2,Gd,2004,1694,Ex,1,307000
7,2,TA,2090,2,TA,1973,1107,Gd,2,200000
7,2,TA,1774,2,TA,1931,1022,TA,2,129900
5,1,TA,1077,1,TA,1939,1077,TA,2,118000
5,1,TA,1040,1,TA,1965,1040,TA,0,129500
9,3,Ex,2324,3,Ex,2005,1182,Ex,2,345000
5,1,TA,912,1,TA,1962,912,TA,0,144000
7,3,Gd,1494,2,Gd,2006,1494,Gd,1,279500
6,1,TA,1253,1,TA,1960,1253,TA,1,157000
7,2,TA,854,1,TA,1929,854,TA,0,132000
6,2,TA,1004,1,TA,1970,1004,TA,1,149000
4,2,TA,1296,2,TA,1967,1296,,0,90000
5,2,TA,1114,1,Gd,2004,1114,TA,0,159000
5,1,TA,1339,1,TA,1958,1339,TA,0,139000
8,3,Gd,2376,3,Gd,2005,1158,Ex,1,325300
7,1,TA,1108,1,Gd,1930,1108,TA,1,139400
8,2,Gd,1795,2,Gd,2002,1795,Gd,1,230000
5,2,TA,1060,1,TA,1976,1060,Gd,1,129900
5,1,TA,1060,1,Gd,1968,1060,TA,1,154000
8,3,Gd,1600,2,Gd,2007,1600,Gd,1,256300
5,2,TA,900,1,Gd,1951,900,TA,0,134800
8,3,Gd,1704,2,Gd,2007,1704,Ex,1,306000
5,1,TA,1600,1,TA,1957,1600,TA,2,207500
4,1,TA,520,1,Fa,1927,520,TA,0,68500
4,1,TA,1317,1,TA,1920,649,TA,0,40000
5,1,TA,1228,1,Gd,1966,1228,TA,0,149350
8,2,Gd,1234,2,Gd,2007,1234,Ex,0,179900
5,2,TA,1700,1,Gd,1959,1700,TA,1,165500
9,2,Ex,1561,2,Ex,2005,1561,Ex,1,277500
8,3,Gd,2452,3,Gd,2004,1132,Ex,1,309000
5,2,TA,1097,1,TA,1994,1097,Gd,0,145000
5,2,TA,1297,1,TA,1954,1297,TA,1,153000
5,1,TA,1057,1,Gd,1953,1057,TA,0,109000
4,0,TA,1152,2,Fa,1955,1152,,0,82000
6,2,TA,1324,2,TA,1965,1324,TA,1,160000
5,1,TA,1328,1,TA,1959,1328,TA,2,170000
5,2,TA,884,1,Gd,1983,884,Gd,0,144000
5,1,TA,938,1,TA,1975,938,Gd,0,130250
5,1,TA,1150,1,TA,1959,1150,TA,0,141000
9,2,Ex,1752,2,Ex,2005,1752,Ex,1,319900
7,2,Gd,2149,1,Gd,2003,1518,Ex,1,239686
8,3,Gd,1656,2,Gd,2006,1656,Gd,0,249700
4,0,TA,1452,2,TA,1920,736,TA,0,113000
5,1,TA,955,1,TA,1966,955,TA,0,127000
6,2,TA,1470,2,TA,1997,794,Gd,0,177000
6,2,TA,1176,1,TA,1934,816,TA,1,114500
5,2,Fa,816,1,TA,1963,816,Gd,0,110000
9,3,Gd,1842,0,Gd,1981,1842,Ex,1,385000
5,2,TA,1360,1,TA,1955,1360,TA,1,130000
6,2,TA,1425,2,TA,1964,1425,TA,1,180500
8,2,Gd,1739,2,Gd,1999,983,Gd,0,172500
7,2,Gd,1720,2,Gd,2004,860,Gd,0,196500
10,3,Ex,2945,3,Gd,2006,1426,Ex,1,438780
5,1,TA,780,1,TA,1972,780,TA,0,124900
6,2,TA,1158,1,Gd,2004,1158,Gd,0,158000
5,1,TA,1111,1,Fa,1920,581,TA,0,101000
8,2,Gd,1370,2,Gd,2006,1370,Gd,1,202500
7,2,TA,1710,2,TA,1921,902,TA,0,140000
7,2,TA,2034,2,Gd,1997,1057,Gd,0,219500
8,3,Gd,2473,2,Gd,2004,1143,Ex,1,317000
7,2,TA,2207,2,TA,1970,2207,Gd,1,180000
7,2,Gd,1479,2,Gd,2003,1479,Gd,0,226000
4,1,TA,747,1,TA,1945,747,TA,0,80000
7,2,Gd,2287,2,TA,1953,1304,TA,1,225000
7,2,TA,2223,2,TA,1973,2223,Gd,2,244000
4,2,TA,845,1,TA,1982,845,TA,0,129500
7,2,TA,1718,2,TA,1998,885,Gd,1,185000
5,2,TA,1086,1,TA,1954,1086,TA,0,144900
3,1,Gd,1605,2,TA,1915,840,Fa,0,107400
4,1,TA,988,1,TA,1973,526,Gd,0,91000
4,1,TA,952,1,TA,1956,952,TA,0,135750
5,1,TA,1285,1,TA,1948,1072,TA,0,127000
4,0,TA,1768,2,TA,1968,1768,TA,0,136500
5,2,TA,1230,1,TA,1910,682,TA,0,110000
6,1,TA,2142,2,Gd,1968,1182,Gd,1,193500
6,2,TA,1337,2,TA,1998,1337,Ex,0,153500
8,3,TA,1563,2,Gd,2007,1563,Gd,1,245000
5,2,TA,1065,1,TA,1960,1065,TA,0,126500
7,2,TA,1474,2,TA,1995,804,Gd,1,168500
8,2,Gd,2417,2,Gd,1991,1301,Gd,1,260000
6,2,Gd,1560,2,Gd,2005,684,Gd,1,174000
6,2,Gd,1224,2,Gd,2009,612,Gd,0,164500
3,0,Fa,1526,1,Fa,1915,1013,TA,0,85000
4,0,TA,990,1,TA,1994,990,Gd,0,123600
4,2,TA,1040,1,TA,1950,1040,,0,109900
5,2,TA,1235,1,TA,1961,1235,TA,0,98600
5,2,TA,964,1,TA,1921,964,Gd,0,163500
6,2,TA,2291,2,TA,1910,1260,TA,1,133900
6,2,TA,1786,2,Gd,1997,905,Gd,0,204750
6,2,Ex,1470,2,TA,1993,680,Gd,1,185000
7,2,Gd,1588,2,Gd,1999,1588,Gd,0,214000
4,1,TA,960,1,TA,1965,960,TA,0,94750
5,1,TA,835,1,TA,1920,835,TA,0,83000
4,0,TA,1225,1,TA,1959,1225,TA,0,128950
6,2,TA,1610,2,Gd,1977,1610,TA,2,205000
6,2,Gd,1732,2,Gd,1985,977,Gd,1,178000
5,2,TA,1535,2,TA,1979,1535,,0,118964
7,3,TA,1226,2,Gd,2009,1226,Gd,0,198900
7,1,TA,1818,1,TA,1931,1226,TA,2,169500
8,2,Gd,1992,2,Gd,2003,1053,Ex,1,250000
4,1,TA,1047,1,TA,1885,1047,Fa,0,100000
5,1,TA,789,1,TA,1948,789,TA,0,115000
5,0,TA,1517,2,Fa,1919,997,TA,0,115000
6,2,TA,1844,2,TA,1977,1844,Gd,1,190000
6,1,TA,1855,2,TA,1954,1216,TA,0,136900
7,2,TA,1430,2,TA,2000,774,Gd,1,180000
7,3,Gd,2696,2,Ex,2007,1282,Ex,1,383970
6,2,TA,2259,2,Gd,1953,2259,Gd,2,217000
6,1,TA,2320,2,Gd,1945,1436,TA,1,259500
6,2,TA,1458,2,TA,1999,729,Gd,1,176000
5,1,TA,1092,1,TA,1962,1092,TA,1,139000
5,2,TA,1125,1,TA,2006,1125,Gd,0,155000
7,3,TA,3222,3,Gd,1990,1699,Gd,2,320000
6,2,Gd,1456,2,Gd,2005,728,Gd,1,163990
6,2,TA,988,1,TA,1969,988,TA,2,180000
4,1,TA,1123,1,TA,1939,772,TA,0,100000
6,1,TA,1080,1,TA,1958,1080,TA,0,136000
6,2,Gd,1199,2,Gd,1993,1199,Gd,0,153900
6,2,TA,1586,2,TA,1979,1586,Gd,1,181000
6,0,TA,754,1,TA,1935,520,TA,0,84500
6,2,TA,958,2,TA,1976,958,Gd,1,128000
5,0,TA,840,1,TA,1930,840,TA,1,87000
6,2,TA,1348,1,TA,1966,660,TA,1,155000
5,2,TA,1053,1,Ex,1958,1053,TA,0,150000
7,2,TA,2157,2,Gd,1966,1216,TA,2,226000
6,2,Gd,2054,2,Gd,2000,1022,Gd,1,244000
5,2,TA,1327,1,Gd,1959,1327,TA,0,150750
8,2,Gd,1296,2,Gd,2001,1296,Ex,0,220000
5,2,TA,1721,2,TA,1968,1721,TA,1,180000
7,2,TA,1682,2,TA,1970,1682,TA,1,174000
5,1,TA,1214,2,TA,1967,1214,TA,1,143000
7,3,TA,1959,3,TA,1988,1959,TA,0,171000
8,3,Gd,1852,2,Gd,1999,1004,Gd,2,230000
6,2,TA,1764,2,Gd,1997,928,Gd,0,231500
4,0,TA,864,1,TA,1971,864,TA,1,115000
7,2,Gd,1734,2,Gd,2005,1734,Gd,0,260000
5,2,TA,1385,2,TA,1952,910,TA,0,166000
7,2,Gd,1501,2,Gd,1999,1501,Gd,0,204000
5,2,TA,1728,2,TA,1963,1728,TA,0,125000
6,2,Gd,1709,2,Gd,2004,970,Gd,0,130000
5,1,TA,875,1,TA,1931,875,TA,0,105000
7,2,Gd,2035,2,Gd,2001,884,Gd,1,222500
7,0,TA,1080,1,Gd,2004,1080,Gd,0,141000
5,1,TA,1344,1,TA,1936,896,Gd,0,115000
5,2,TA,969,1,TA,1975,969,TA,0,122000
8,3,Gd,1710,2,Gd,2007,1710,Ex,1,372402
6,2,TA,1993,2,TA,1971,1097,TA,1,190000
6,2,TA,1252,1,TA,1960,1252,Gd,1,235000
6,1,TA,1200,1,TA,1923,1200,TA,0,125000
6,0,TA,1096,1,TA,1924,572,TA,0,79000
5,2,TA,1040,1,TA,1950,1040,,0,109500
8,3,Gd,1968,2,Ex,2009,774,Ex,1,269500
7,2,Gd,1947,2,Gd,2004,991,Gd,1,254900
7,2,Gd,2462,2,Gd,2005,1392,Gd,1,320000
6,2,TA,1232,2,TA,1984,1232,Gd,0,162500
9,3,Gd,2668,2,Ex,2003,1572,Ex,2,412500
7,2,Gd,1541,2,Gd,2005,1541,Gd,1,220000
4,0,TA,882,1,TA,1956,882,TA,0,103200
6,1,TA,1616,2,Gd,1926,1149,TA,0,152000
5,0,TA,1355,2,TA,1940,808,TA,0,127500
5,1,Gd,1867,1,TA,1955,1867,TA,3,190000
8,3,Gd,2161,1,Ex,2007,1610,Ex,1,325624
7,2,Gd,1720,2,Gd,2004,840,Gd,1,183500
8,2,Gd,1707,2,TA,1981,1707,Gd,1,228000
5,2,TA,1382,1,TA,1941,854,TA,0,128500
6,2,TA,1656,1,TA,1960,1656,TA,2,215000
7,2,Gd,1767,2,Gd,1987,1064,Gd,1,239000
6,2,TA,1362,1,TA,1961,1362,TA,1,163000
6,2,TA,1651,2,TA,1986,1651,Gd,1,184000
6,2,TA,2158,2,Gd,1950,2158,TA,1,243000
6,2,Gd,2060,2,TA,1988,1164,Gd,1,211000
5,2,Gd,1920,2,Gd,1958,1252,TA,1,172500
9,3,Ex,2234,2,Ex,2008,2234,Ex,1,501837
5,2,Gd,968,1,TA,1923,968,TA,0,100000
6,2,Gd,1525,2,Gd,2000,769,Gd,1,177000
7,1,TA,1802,1,TA,1920,901,Fa,1,200100
5,1,TA,1340,1,TA,1957,1340,,1,120000
7,2,TA,2082,2,Gd,2003,1362,Gd,0,200000
5,2,TA,1252,1,TA,1908,936,Fa,0,127000
10,3,Gd,3608,2,Ex,1892,1518,TA,2,475000
7,2,TA,1217,2,Gd,1990,1217,Gd,0,173000
5,1,TA,1656,2,TA,1916,808,Fa,0,135000
5,2,TA,1224,0,TA,1979,1224,Gd,2,153337
8,2,Gd,1593,1,Ex,2001,1593,Ex,1,286000
8,2,Gd,2727,2,Gd,1932,1549,Gd,2,315000
7,2,TA,1479,1,Gd,1972,725,TA,0,184000
7,2,Gd,1431,2,Gd,1999,1431,Gd,0,192000
7,2,Gd,1709,2,Gd,2004,970,Gd,0,130000
5,1,TA,864,1,TA,1972,864,TA,0,127000
6,2,TA,1456,2,TA,1976,855,Gd,1,148500
7,3,Ex,1726,2,Ex,2007,1726,Ex,1,311872
8,2,Gd,3112,2,Gd,1918,1360,TA,1,235000
6,0,TA,2229,1,TA,1912,929,TA,0,104000
8,3,Gd,1713,2,Ex,2004,1713,Ex,1,274900
4,2,TA,1121,2,TA,2003,1121,Gd,0,140000
6,2,TA,1279,2,TA,1977,1279,TA,2,171500
6,1,TA,1310,2,TA,1924,865,Fa,0,112000
6,2,Gd,848,1,Gd,2004,848,Gd,1,149000
5,1,TA,1284,1,TA,1947,720,TA,0,110000
7,2,TA,1442,2,TA,1990,1442,Gd,0,180500
5,1,TA,1696,1,TA,1962,1696,TA,1,143900
4,1,TA,1100,1,TA,1960,1100,TA,1,141000
7,2,Gd,2062,2,TA,1988,1180,Gd,1,277000
6,2,TA,1092,1,TA,1964,1092,Gd,0,145000
5,0,TA,864,1,TA,1925,864,TA,0,98000
6,2,TA,1212,2,Gd,2009,1212,Gd,0,186000
7,2,TA,1852,2,Gd,2009,932,Gd,1,252678
5,2,TA,990,1,TA,1995,990,Gd,0,156000
6,1,TA,1392,1,TA,1977,689,Gd,0,161750
5,1,TA,1236,1,Gd,1957,1236,TA,1,134450
7,2,Gd,1436,2,Gd,2004,1436,Gd,0,210000
4,1,TA,1328,1,TA,1925,810,TA,0,107000
7,2,Gd,1954,1,Gd,1939,1137,TA,2,311500
7,2,Gd,1248,2,Gd,2005,1248,Gd,0,167240
7,2,Gd,1498,2,Gd,2006,1498,Gd,0,204900
6,2,Gd,2267,2,Gd,2002,1010,Gd,1,200000
6,2,TA,1552,2,TA,1975,811,Gd,1,179900
4,2,TA,864,1,TA,1971,864,TA,0,97000
10,3,Ex,2392,2,Ex,2003,2392,Ex,1,386250
5,1,TA,1302,2,TA,1971,630,TA,0,112000
7,3,Gd,2520,2,Gd,1995,1214,Gd,1,290000
6,1,TA,987,1,TA,1970,483,TA,0,106000
5,1,TA,912,1,TA,1967,912,TA,1,125000
7,2,Gd,1555,2,Gd,2005,1555,Gd,1,192500
6,1,TA,1194,1,TA,1959,1194,TA,0,148000
8,3,Gd,2794,2,Ex,1995,1490,Gd,1,403000
6,1,TA,987,1,TA,1972,483,TA,1,94500
5,1,TA,894,1,TA,1976,894,TA,0,128200
6,2,Gd,1960,2,Gd,2002,860,Gd,2,216500
6,1,TA,987,1,TA,1971,483,TA,0,89500
7,2,Gd,1414,2,Gd,2004,1414,Gd,0,185500
7,2,Gd,1744,2,Gd,1993,1014,Gd,0,194500
8,3,Ex,1694,2,Gd,2007,1694,Ex,0,318000
6,1,TA,1487,1,TA,1945,798,TA,1,113000
8,2,Gd,1566,2,Gd,2008,1566,Gd,0,262500
5,0,TA,866,1,Gd,1945,866,TA,0,110500
5,1,TA,1440,1,TA,1900,889,TA,0,79000
6,1,TA,1217,1,TA,1980,626,Gd,1,120000
7,2,Gd,2110,2,Gd,1994,1222,Gd,2,205000
7,2,TA,1872,2,TA,1988,1872,Gd,1,241500
6,1,TA,1928,2,Fa,1910,908,Fa,0,137000
6,2,TA,1375,1,TA,1954,1375,TA,1,140000
7,2,Gd,1668,2,Gd,2003,840,Gd,0,180000
6,2,Gd,2144,2,Gd,1958,1444,Gd,2,277000
3,0,TA,1306,1,Fa,1940,1306,TA,0,76500
8,2,Gd,1625,2,Gd,2006,1625,Gd,1,235000
6,2,Gd,1640,2,Gd,2004,798,Gd,0,173000
6,1,TA,1302,2,Gd,1964,1302,Gd,0,158000
5,1,TA,1314,1,TA,1957,1314,TA,0,145000
7,2,Gd,2291,2,Gd,1999,1005,Gd,1,230000
6,2,Gd,1728,2,Gd,2003,864,Gd,0,207500
7,2,Gd,1604,2,Gd,2006,1604,Gd,1,220000
7,2,Gd,1792,2,Gd,2001,963,Gd,1,231500
5,1,TA,882,1,TA,1956,882,,0,97000
6,2,TA,1382,1,TA,1962,1382,TA,1,176000
8,3,Gd,2574,2,Ex,2007,1482,Ex,1,276000
6,2,TA,1212,1,TA,1977,1212,Gd,1,151000
5,2,TA,1316,1,TA,1929,926,TA,0,130000
5,2,TA,764,1,TA,1925,764,Fa,0,73000
6,2,TA,1422,2,Gd,1981,1422,Gd,1,175500
6,2,TA,1511,2,TA,1997,802,Gd,1,185000
5,1,TA,2192,2,Gd,1939,1052,TA,1,179500
5,1,TA,778,1,TA,1940,778,TA,1,120500
6,1,TA,1113,1,TA,1976,1113,TA,1,148000
8,3,Gd,1939,2,Gd,2006,1095,Gd,1,266000
7,2,TA,1363,1,TA,1954,1363,Gd,2,241500
8,3,Gd,2270,2,Gd,1999,1164,Gd,1,290000
6,1,TA,1632,2,TA,1958,1632,TA,1,139000
5,1,TA,816,1,TA,1982,816,TA,0,124500
7,2,Gd,1548,2,Ex,1925,952,TA,0,205000
7,2,Gd,1560,2,Gd,2003,1560,Ex,0,201000
4,2,TA,864,1,TA,1951,864,TA,0,141000
9,3,Ex,2121,2,Ex,2006,2121,Ex,1,415298
7,2,TA,2022,2,TA,1977,1156,Gd,1,192000
7,2,Gd,1982,2,Gd,1989,1175,Gd,1,228500
6,2,Gd,1262,2,Gd,2006,1262,Gd,0,185000
7,2,Gd,1314,2,Gd,2007,1314,Gd,1,207500
8,3,Gd,1468,2,Gd,2008,1468,Gd,1,244600
6,2,Gd,1575,2,Gd,1992,1575,Gd,0,179200
7,2,Gd,1250,2,Gd,2006,625,Gd,0,164700
6,2,TA,1734,1,Gd,1962,1085,TA,1,159000
4,0,TA,858,1,TA,1971,858,TA,0,88000
5,1,TA,900,1,TA,1967,900,TA,0,122000
6,1,TA,1396,1,TA,1915,698,TA,0,153575
8,2,Gd,1919,2,Gd,2006,1079,Gd,1,233230
5,0,TA,1716,2,Fa,1912,936,TA,0,135900
5,1,TA,1716,1,TA,1949,1148,TA,1,131000
7,2,TA,2263,2,Gd,1977,1468,TA,1,235000
6,2,TA,1644,1,TA,1953,1644,TA,2,167000
6,2,TA,1003,1,TA,1984,1003,TA,0,142500
5,1,TA,1558,1,TA,1950,910,TA,0,152000
7,2,Gd,1950,2,Gd,1997,975,Gd,1,239000
6,2,Gd,1743,1,TA,1968,1041,TA,1,175000
6,1,TA,1152,1,Gd,1950,1152,TA,1,158500
5,1,TA,1336,1,TA,1953,1336,TA,2,157000
8,2,Gd,2452,2,Gd,1998,1210,Gd,1,267000
7,3,Gd,1541,2,Gd,2001,1541,Gd,1,205000
5,2,TA,894,1,TA,1972,894,TA,0,149900
7,3,TA,3493,3,Gd,1880,1675,TA,1,295000
8,3,Gd,2000,2,Gd,2004,2000,Gd,0,305900
7,3,Gd,2243,2,Gd,1990,1122,Gd,1,225000
6,0,TA,1406,1,Fa,1920,1035,TA,0,89500
4,2,TA,861,1,TA,1940,861,TA,0,82500
9,3,Gd,1944,2,Ex,2003,1944,Ex,3,360000
6,2,TA,1501,2,Gd,1993,697,Gd,1,165600
6,1,TA,972,1,TA,1948,972,TA,1,132000
5,2,TA,1118,1,TA,1939,793,Gd,1,119900
7,2,TA,2036,2,TA,1965,2036,Gd,2,375000
7,2,TA,1641,1,Ex,1925,832,TA,1,178000
7,2,Gd,1432,2,Gd,2004,716,Gd,1,188500
7,2,Gd,2353,2,Ex,1980,1153,Gd,1,260000
8,3,Gd,1959,2,Gd,2006,1088,Gd,1,270000
7,3,Gd,2646,2,Gd,1993,1372,Gd,1,260000
7,2,TA,1472,2,TA,1980,1472,Gd,2,187500
9,3,TA,2596,3,Gd,2006,1249,Ex,0,342643
8,3,Gd,2468,2,Gd,2004,1136,Ex,1,354000
7,2,Gd,2730,2,Gd,1986,1553,TA,1,301000
3,1,TA,1163,1,TA,1955,1163,TA,0,126175
7,2,Gd,2978,2,Gd,1967,1898,Gd,1,242000
5,2,TA,803,1,TA,1941,803,TA,0,87000
8,2,Gd,1719,1,Gd,1993,1719,Gd,2,324000
6,1,TA,1383,1,TA,1960,1383,TA,0,145250
6,2,TA,2134,2,Gd,1916,1445,TA,0,214500
5,1,TA,1192,1,TA,1920,596,TA,0,78000
5,1,TA,1728,2,TA,1964,1728,TA,0,119000
5,1,TA,1056,1,TA,1958,1056,TA,0,139000
8,3,Gd,1629,2,Gd,2003,1629,Gd,1,284000
7,2,Gd,1358,2,Gd,2004,1358,Gd,1,207000
6,2,TA,1638,2,TA,1998,943,Gd,2,192000
5,2,TA,1786,2,TA,1965,1619,TA,2,228950
9,3,Gd,1922,2,Gd,2005,1922,Ex,1,377426
7,2,Gd,1536,2,Gd,2002,1536,Gd,0,214000
7,2,Gd,1621,2,Gd,1984,1621,Gd,0,202500
6,1,TA,1215,1,TA,1958,1215,TA,0,155000
8,2,Gd,1908,2,Gd,2002,993,Gd,0,202900
4,1,Fa,841,1,TA,1950,841,TA,0,82000
3,2,TA,1040,2,TA,1949,1040,,0,87500
9,2,Ex,1684,2,Ex,2005,1684,Ex,1,266000
5,1,TA,1112,1,TA,1976,536,Gd,0,85000
6,1,TA,1577,1,Fa,1939,972,TA,1,140200
6,1,TA,958,1,TA,1960,958,TA,0,151500
6,2,TA,1478,2,TA,1960,1478,TA,2,157500
7,2,Gd,1626,2,Gd,2003,764,Gd,0,154000
9,3,Ex,2728,2,Ex,2005,1848,Ex,2,437154
9,2,Ex,1869,2,Ex,2007,1869,Ex,1,318061
7,2,TA,1453,1,Gd,1986,1453,Gd,1,190000
5,1,TA,1111,1,TA,1941,616,TA,0,95000
6,2,TA,720,1,TA,1928,720,TA,0,105900
6,1,TA,1595,1,TA,1940,1192,TA,2,140000
6,2,Gd,1200,2,Gd,1995,1200,Gd,0,177500
6,2,TA,1167,2,Gd,1992,1167,Gd,0,173000
5,2,TA,1142,1,TA,1976,1142,Gd,1,134000
5,1,TA,1352,1,Gd,1958,1352,TA,0,130000
8,2,Gd,1924,2,Gd,1998,1086,Gd,1,280000
6,2,TA,912,1,TA,1978,912,Gd,1,156000
5,1,TA,1505,1,TA,1940,988,TA,0,145000
7,2,Gd,1922,3,Gd,2003,495,,1,198500
6,1,TA,987,1,Gd,1972,483,TA,0,118000
6,2,TA,1574,2,TA,1976,790,Gd,1,190000
5,1,TA,1344,1,TA,1920,672,TA,0,147000
6,2,TA,1394,1,TA,1963,1394,Gd,2,159000
6,1,TA,1431,1,TA,1962,1431,Gd,1,165000
5,1,TA,1268,1,TA,1954,1268,TA,1,132000
5,2,TA,1287,1,Gd,1959,1287,TA,1,162000
6,2,TA,1664,2,TA,2000,953,Gd,1,172400
4,2,TA,1588,2,TA,1959,1120,,1,134432
6,1,TA,752,1,TA,1984,752,Gd,0,125000
5,1,TA,1319,1,TA,1953,1319,TA,0,123000
7,2,Gd,1928,2,Gd,2003,847,Gd,1,219500
1,0,Fa,904,0,Fa,1922,904,Fa,0,61000
5,2,Gd,914,1,TA,1996,914,Gd,0,148000
8,2,Gd,2466,3,Gd,2004,1580,Gd,1,340000
9,3,Gd,1856,1,Ex,2010,1856,Ex,1,394432
6,2,TA,1800,2,TA,2000,1007,Gd,1,179000
5,1,TA,1691,2,Gd,1924,1026,TA,1,127000
7,2,Gd,1301,2,Gd,2006,1301,Gd,1,187750
7,2,Gd,1797,2,Gd,2006,939,Gd,0,213500
6,2,TA,784,1,TA,1928,784,Fa,0,76000
6,2,Gd,1953,2,Gd,1992,1079,Gd,2,240000
8,2,Gd,1269,2,Gd,2004,1269,Gd,1,192000
5,0,TA,1184,1,TA,1910,658,TA,0,81000
6,1,TA,1125,1,TA,1976,1125,TA,1,125000
7,2,Gd,1479,2,Gd,1999,1479,Gd,0,191000
10,3,Ex,2332,2,Ex,2007,1742,Ex,1,426000
5,1,TA,1367,1,TA,1900,961,TA,0,119000
6,2,TA,1961,2,Gd,2001,804,Ex,1,215000
5,1,TA,882,1,TA,1959,882,,0,106500
4,0,TA,788,1,TA,1941,788,TA,2,100000
5,1,TA,1034,1,TA,1940,735,TA,0,109000
5,1,TA,1144,1,TA,1956,1144,TA,0,129000
5,2,TA,894,1,TA,1972,894,TA,0,123000
5,1,TA,1812,2,TA,1962,876,TA,1,169500
5,1,TA,1077,1,TA,1920,1077,Fa,0,67000
7,2,Gd,1550,2,Gd,2006,1112,Gd,0,241000
8,2,Gd,1288,1,Ex,1996,1288,Gd,2,245500
7,2,Gd,1310,2,Gd,2005,1310,Gd,1,164990
5,1,TA,672,1,TA,1940,672,TA,0,108000
8,2,Gd,2263,2,Gd,1998,1165,Gd,1,258000
6,2,TA,1572,2,TA,1995,806,Gd,1,168000
4,2,TA,1620,2,TA,1976,1620,TA,1,150000
6,1,TA,1639,1,TA,1936,1166,TA,0,115000
6,1,TA,1680,2,TA,1915,840,Gd,0,177000
7,3,Gd,2172,2,Gd,2006,1071,Ex,1,280000
8,3,Gd,2078,2,Ex,2007,1050,Ex,1,339750
5,1,TA,1276,1,TA,1958,1276,TA,0,60000
5,2,TA,1056,1,TA,1955,1056,TA,0,145000
7,2,Ex,1478,2,Gd,2009,1478,Ex,1,222000
5,2,TA,1028,1,TA,1927,1028,TA,1,115000
7,3,Gd,2097,2,Gd,1993,1080,Gd,1,228000
7,2,Gd,1340,2,Gd,2007,1340,Gd,0,181134
6,2,TA,1400,1,TA,1978,672,TA,1,149500
6,3,TA,2624,2,TA,1918,1370,Gd,1,239000
5,1,TA,1134,1,TA,1940,756,TA,0,126000
5,1,TA,1056,1,TA,1968,1056,TA,1,142000
7,4,TA,1344,2,TA,1997,1344,Gd,0,206300
6,2,Gd,1602,2,Gd,1977,1602,Gd,1,215000
5,2,TA,988,1,TA,1954,988,TA,0,113000
8,3,Gd,2630,2,Gd,1998,1470,Gd,1,315000
6,1,TA,1196,1,TA,1956,1196,Gd,1,139000
7,1,TA,1389,1,TA,1946,707,TA,2,135000
7,2,Gd,1644,2,Gd,1989,1644,Gd,1,275000
4,1,TA,907,1,TA,1957,907,TA,0,109008
7,2,Gd,1208,2,Gd,2007,1208,Gd,0,195400
6,2,TA,1412,2,Gd,1988,1412,Gd,1,175000
6,1,TA,987,1,TA,1971,483,TA,0,85400
6,0,TA,1198,1,TA,1920,1088,TA,0,79900
5,2,TA,1365,1,TA,1971,765,TA,0,122500
6,2,TA,1604,2,TA,1997,926,Gd,1,181000
4,0,TA,630,1,TA,1972,630,Gd,0,81000
7,2,Gd,1661,2,Gd,1996,827,Gd,1,212000
6,2,TA,1118,1,TA,1920,734,Fa,0,116000
6,1,Gd,904,1,TA,1926,904,TA,0,119000
5,1,TA,694,1,Gd,1913,694,TA,1,90350
6,2,TA,1196,1,Gd,1920,684,TA,0,110000
10,3,Ex,2402,2,Ex,2008,2402,Ex,2,555000
4,0,TA,1440,2,Fa,1955,1440,TA,0,118000
5,2,TA,1573,2,TA,1930,1128,TA,1,162900
7,3,Gd,1258,2,Gd,2006,1258,Ex,1,172500
7,2,Gd,1908,2,Gd,1994,933,Gd,1,210000
6,2,TA,1689,1,TA,1956,1689,TA,1,127500
6,2,Gd,1888,2,Gd,1966,1888,TA,1,190000
7,2,Gd,1886,2,Gd,1998,956,Gd,1,199900
6,1,TA,1376,2,TA,1937,780,TA,1,119500
3,1,TA,1183,1,TA,1948,679,TA,0,120000
6,1,TA,813,1,Gd,1930,813,TA,0,110000
7,2,TA,1533,2,Gd,1975,1533,Gd,2,280000
6,2,Gd,1756,2,TA,1996,888,Ex,0,204000
8,2,Gd,1590,2,Gd,2008,786,Gd,0,210000
5,2,TA,1728,2,TA,1976,1728,TA,0,188000
7,2,TA,1242,1,TA,1973,1242,TA,1,175500
5,3,TA,1344,1,TA,1916,624,TA,0,98000
4,2,TA,1663,1,Gd,1954,1663,Gd,2,256000
8,1,TA,1666,1,Gd,1925,833,TA,1,161000
5,1,TA,1203,1,Gd,1950,979,TA,1,110000
8,2,Gd,1935,2,TA,2009,832,Gd,0,263435
7,2,Gd,1135,1,Gd,1936,575,Gd,0,155000
5,1,TA,864,1,TA,1965,864,TA,1,62383
6,1,TA,1660,1,TA,1934,849,TA,1,188700
5,0,TA,1040,2,TA,1978,1040,Gd,0,124000
7,2,Gd,1414,2,Gd,2004,1414,Gd,1,178740
7,2,TA,1277,1,TA,1970,1277,TA,1,167000
5,1,TA,1644,1,Gd,1942,888,TA,2,146500
8,3,Gd,1634,2,Gd,2006,1634,Gd,1,250000
6,2,Gd,1710,2,Gd,1993,832,Gd,0,187000
8,2,Gd,1502,1,Gd,1985,1502,Gd,0,212000
7,2,TA,1969,2,TA,1977,1161,Gd,1,190000
6,2,TA,1072,1,TA,2005,1072,Gd,0,148000
8,3,Gd,1976,2,Gd,2006,1976,Ex,1,440000
8,2,Gd,1652,2,Ex,2000,1652,Gd,0,251000
5,2,TA,970,1,TA,1963,970,TA,0,132500
6,2,TA,1493,2,Gd,1997,1493,Gd,1,208900
9,3,Ex,2643,2,Ex,2006,2069,Gd,1,380000
8,3,Gd,1718,2,Gd,2007,1718,Ex,1,297000
4,2,TA,1131,1,TA,1937,1131,Fa,0,89471
9,3,Gd,1850,2,Gd,2004,1850,Ex,1,326000
9,3,Gd,1792,2,Ex,2003,1792,Ex,1,374000
7,1,Gd,1826,1,Ex,1915,916,TA,1,155000
6,2,TA,1216,2,TA,1998,1216,Ex,0,164000
5,1,TA,999,1,Gd,1962,999,TA,0,132500
5,1,Gd,1113,1,Gd,1950,1113,TA,1,147000
5,2,TA,1073,1,TA,1965,1073,TA,0,156000
5,2,TA,1484,2,TA,1971,1484,Gd,1,175000
5,2,TA,2414,2,TA,1900,1766,TA,1,160000
4,1,TA,630,1,Gd,1970,630,Gd,0,86000
5,1,TA,1304,1,TA,1976,616,Gd,1,115000
6,1,TA,1578,1,Fa,1941,958,TA,2,133000
6,2,Gd,1456,2,TA,2006,728,Gd,0,172785
5,1,TA,1269,1,TA,1960,1269,TA,1,155000
5,1,TA,886,1,TA,1938,886,Fa,0,91300
4,0,TA,720,1,TA,1920,720,TA,0,34900
8,2,Gd,3228,3,Gd,1992,3228,Gd,1,430000
7,1,TA,1820,2,TA,1925,1133,TA,0,184000
5,1,TA,899,1,Gd,1967,899,TA,0,130000
5,1,TA,912,1,TA,1958,912,TA,0,120000
6,1,TA,1218,1,TA,1973,672,TA,0,113000
7,2,Gd,1768,2,Gd,2005,866,Gd,0,226700
5,2,TA,1214,1,TA,1965,1214,TA,0,140000
7,2,TA,1801,2,TA,1959,1801,TA,2,289000
6,2,TA,1322,2,TA,1974,855,TA,1,147000
5,2,TA,1960,2,TA,1952,960,TA,0,124500
8,2,Gd,1911,2,Gd,1993,1065,Gd,1,215000
6,2,Gd,1218,2,Gd,2009,1218,Gd,0,208300
7,2,TA,1378,2,Gd,1928,689,TA,1,161000
5,1,TA,1041,1,TA,1959,1041,TA,0,124500
5,1,Gd,1363,1,TA,1951,1363,TA,2,164900
7,2,Gd,1368,2,Gd,2005,1368,Gd,1,202665
5,2,TA,864,1,TA,1958,864,TA,0,129900
6,2,TA,1080,1,TA,1983,1080,TA,0,134000
5,1,TA,789,1,TA,1926,789,TA,0,96500
10,3,Ex,2020,2,Ex,2009,2020,Ex,1,402861
6,2,TA,2119,2,TA,1972,1378,TA,1,158000
7,3,Gd,2344,2,Gd,1996,1277,Gd,1,265000
6,2,TA,1796,2,TA,1998,882,Gd,0,211000
7,1,Gd,2080,1,Gd,1926,1276,Gd,2,234000
4,0,TA,1294,2,TA,1900,694,,0,106250
6,1,TA,1244,1,TA,1957,1244,TA,2,150000
6,2,TA,1664,2,TA,1947,1004,TA,2,159000
10,3,Ex,4676,3,Ex,2007,3138,Ex,1,184750
7,3,Gd,2398,2,Gd,1996,1383,Gd,1,315750
7,2,Gd,1266,2,Gd,2005,1266,Gd,1,176000
5,1,TA,928,1,TA,1956,928,Gd,0,132000
9,3,Ex,2713,2,Ex,2008,1476,Ex,1,446261
4,0,TA,605,1,TA,1920,605,TA,0,86000
6,2,Gd,2515,3,TA,1957,2515,TA,2,200624
6,2,Gd,1509,2,Gd,1988,1509,Gd,1,175000
6,2,TA,1362,2,TA,1920,751,Fa,0,128000
5,1,TA,827,1,TA,1955,827,,1,107500
1,0,Fa,334,1,Fa,1946,334,,0,39300
8,2,Gd,1414,2,Gd,2004,707,Ex,1,178000
5,0,TA,1347,1,TA,1910,820,Gd,0,107500
7,2,TA,1724,2,Gd,1998,880,Gd,0,188000
4,2,TA,864,1,TA,1972,864,TA,0,111250
5,1,TA,1159,1,TA,1968,1159,TA,1,158000
8,2,Gd,1601,2,Gd,2001,1601,Gd,1,272000
9,3,Ex,1838,2,Ex,2006,1838,Ex,1,315000
8,3,Gd,2285,2,Gd,2000,997,Gd,1,248000
7,2,Gd,1680,2,Gd,1998,1680,Ex,1,213250
7,1,TA,767,1,TA,1998,767,Gd,0,133000
7,2,Gd,1496,2,Gd,2006,664,Gd,1,179665
7,3,Gd,2183,2,Gd,1988,1377,Gd,0,229000
6,2,TA,1635,1,TA,1923,915,Gd,1,210000
5,2,TA,768,1,TA,1970,768,Gd,0,129500
5,2,TA,825,1,TA,1955,825,TA,0,125000
7,2,Gd,2094,2,Gd,2003,912,Gd,1,263000
6,2,TA,1069,2,TA,1977,1069,Gd,0,140000
5,1,TA,928,1,TA,1957,928,TA,0,112500
8,3,Gd,1717,2,Gd,2006,1717,Ex,1,255500
4,2,TA,1126,2,Gd,1949,1126,,0,108000
7,3,Gd,2046,2,Gd,2003,1006,Gd,1,284000
5,1,TA,1048,1,TA,1922,1048,TA,1,113000
5,1,TA,1092,1,TA,1957,1092,TA,1,141000
4,1,TA,1336,1,TA,1920,897,TA,0,108000
7,2,TA,1446,2,TA,1996,729,Gd,1,175000
7,2,Gd,1557,2,Gd,2003,1557,Gd,1,234000
5,2,TA,1392,1,TA,1957,1392,Gd,1,121500
5,2,TA,1389,1,TA,1974,1389,Gd,1,170000
5,0,TA,996,1,TA,1940,996,TA,1,108000
6,2,TA,1674,2,TA,1918,1163,Gd,1,185000
7,2,Gd,2295,2,Gd,1992,1166,Gd,1,268000
6,1,TA,1647,1,Fa,1915,841,Gd,0,128000
9,3,Gd,2504,2,Ex,2005,1134,Gd,1,325000
7,2,Gd,1535,2,Gd,2004,1535,Gd,0,214000
8,2,Gd,2132,1,Gd,1983,1496,Gd,1,316600
5,2,TA,943,1,TA,1979,943,Gd,2,135960
5,2,TA,1728,2,TA,1965,1728,TA,0,142600
6,1,TA,864,1,Gd,1959,864,TA,0,120000
7,2,TA,1692,2,Gd,2009,846,Ex,0,224500
7,2,TA,1430,2,TA,2000,774,Gd,1,170000
5,1,TA,1109,1,TA,1971,576,TA,0,139000
5,1,TA,1216,1,TA,1947,832,TA,0,118500
7,1,TA,1477,2,TA,1928,877,TA,1,145000
5,2,TA,1320,1,TA,1966,1320,TA,2,164500
7,2,Gd,1392,2,Gd,2007,703,Gd,0,146000
5,1,TA,1795,2,TA,1954,1050,TA,0,131500
6,2,TA,1429,1,Gd,1960,1429,TA,2,181900
8,3,Ex,2042,2,Ex,2008,2042,Ex,1,253293
6,0,TA,816,1,TA,1990,816,Gd,0,118500
10,2,Ex,2775,3,Gd,1893,1521,TA,1,325000
4,1,TA,1573,1,Gd,1935,989,TA,0,133000
8,3,Gd,2028,2,Gd,2005,2028,Ex,2,369900
6,1,TA,838,1,Fa,1918,838,TA,0,130000
5,2,TA,860,1,TA,1982,860,TA,0,137000
5,1,TA,1473,1,Ex,1968,1473,TA,2,143000
5,1,TA,935,1,TA,1930,779,TA,0,79500
7,2,Gd,1582,2,Gd,2004,770,Gd,0,185900
10,3,Ex,2296,2,Ex,2008,1728,Ex,1,451950
5,2,TA,816,1,TA,1982,816,TA,0,138000
6,2,Gd,848,1,Gd,2003,848,Gd,0,140000
5,1,TA,924,1,TA,1975,924,Gd,0,110000
8,3,Gd,1826,2,Gd,2005,1826,Gd,1,319000
6,1,TA,1368,1,TA,1910,684,TA,0,114504
7,3,Gd,1402,0,Gd,2006,1402,Ex,1,194201
5,2,TA,1647,2,Gd,1977,1647,Gd,1,217500
6,2,TA,1556,2,TA,1980,716,Gd,1,151000
8,2,Gd,1904,2,Ex,2005,1058,Gd,1,275000
6,1,TA,1375,1,Gd,1937,780,TA,1,141000
8,2,Gd,1915,2,Gd,1992,927,Gd,1,220000
7,2,Gd,1200,2,Gd,2004,600,Gd,0,151000
7,2,Gd,1494,2,Gd,2002,1494,Gd,1,221000
7,2,TA,1986,2,TA,1965,1186,TA,3,205000
5,2,TA,1040,1,Gd,1996,1040,Gd,0,152000
5,1,TA,2008,3,Ex,1948,1112,TA,0,225000
8,2,TA,3194,2,TA,1934,1940,Gd,2,359100
4,1,TA,1029,1,TA,1961,1029,TA,0,118500
9,3,Gd,2153,2,Ex,2000,1476,Ex,2,313000
6,2,TA,1032,2,TA,1978,1032,Gd,1,148000
8,2,Gd,1872,2,Ex,2001,1299,Gd,1,261500
5,0,TA,1120,1,TA,2007,1120,Gd,0,147000
4,0,TA,630,1,TA,1972,630,Gd,0,75500
6,2,TA,1054,1,Gd,1963,1054,TA,0,137500
6,2,Gd,1509,2,Gd,2002,807,Gd,1,183200
6,2,TA,832,1,Gd,1954,832,TA,0,105500
9,3,Ex,1828,2,Gd,2007,1828,Ex,1,314813
8,3,Gd,2262,2,Gd,2003,1482,Gd,2,305000
3,0,TA,864,1,TA,1914,864,TA,0,67000
6,2,TA,2614,2,TA,1974,1548,TA,1,240000
5,2,TA,980,1,TA,1977,980,TA,0,135000
6,2,Gd,1512,2,Gd,2000,756,Gd,1,168500
6,2,TA,1790,1,TA,1972,1012,TA,1,165150
6,2,TA,1116,1,TA,1962,1116,TA,0,160000
5,1,TA,1422,1,TA,1960,1422,TA,1,139900
6,1,TA,1520,1,TA,1955,1520,TA,2,153000
5,2,TA,2080,1,Fa,1969,1040,Gd,2,135000
6,2,TA,1350,1,TA,1964,1350,TA,0,168500
5,1,TA,1750,1,Ex,1880,1089,Fa,0,124000
8,2,Gd,1554,2,Gd,2006,1554,Gd,1,209500
7,2,TA,1411,2,TA,1977,1411,TA,1,82500
5,1,TA,1056,1,TA,1954,1056,TA,0,139400
6,2,TA,1056,0,TA,1980,1056,TA,0,144000
6,0,Fa,3395,2,Fa,1914,1440,TA,0,200000
2,0,Fa,800,1,Fa,1936,800,TA,1,60000
5,1,TA,1387,2,Gd,1954,811,TA,0,93000
5,0,TA,796,1,TA,1910,796,Fa,0,85000
8,3,Gd,1567,2,Ex,2006,1567,Gd,1,264561
8,2,Ex,1518,1,Ex,2003,1518,Ex,1,274000
7,2,Gd,1929,2,Gd,2001,1057,Gd,1,226000
8,2,Gd,2704,2,Ex,1972,2000,Gd,3,345000
5,2,TA,1620,2,TA,1969,780,TA,0,152000
9,3,Ex,1766,2,Ex,2009,1766,Ex,1,370878
6,2,TA,981,1,TA,1971,981,TA,0,143250
5,2,TA,1048,1,TA,1950,1048,,0,98300
6,2,TA,1094,1,TA,1953,1094,TA,2,155000
6,2,TA,1839,1,TA,1966,1051,TA,1,155000
4,0,TA,630,1,TA,1970,630,Gd,0,84500
7,2,Gd,1665,2,Gd,2007,822,Gd,0,205950
4,1,TA,1510,1,TA,1940,755,TA,1,108000
7,2,Gd,1716,2,Gd,1996,909,Gd,1,191000
6,1,TA,1469,1,TA,1906,756,TA,0,135000
8,3,Gd,2113,2,Gd,1995,2113,Gd,1,350000
6,1,TA,1092,1,TA,1971,525,TA,0,88000
5,1,Gd,1053,1,Gd,1959,1053,TA,0,145500
7,1,TA,1502,1,TA,1931,851,Gd,1,149000
6,1,TA,1458,1,TA,1948,912,TA,1,97500
5,2,TA,1486,1,TA,1964,1486,TA,0,167000
7,2,TA,1935,2,TA,1976,1142,Gd,1,197900
8,3,Gd,2448,2,Gd,1994,1686,Gd,1,402000
6,2,TA,1392,1,TA,1968,1392,Fa,2,110000
4,2,TA,1181,2,TA,1972,1181,Gd,0,137500
8,3,Gd,2097,1,Ex,2005,2097,Ex,1,423000
8,2,Gd,1936,2,Gd,2000,1454,Gd,1,230500
6,2,TA,2380,2,TA,1965,1465,Gd,1,129000
6,2,TA,1679,2,Gd,1994,1679,Gd,1,193500
5,2,TA,1437,1,TA,1956,1437,TA,1,168000
4,1,TA,1180,1,Fa,1922,1180,Fa,1,137500
6,2,Gd,1476,2,Gd,2005,738,Gd,0,173500
6,1,TA,1369,2,TA,1925,697,TA,0,103600
6,2,Gd,1208,1,TA,1977,1208,Gd,1,165000
6,2,TA,1839,2,Gd,1957,1839,TA,2,257500
6,1,TA,1136,1,TA,1965,1136,TA,1,140000
6,2,TA,1441,2,TA,1978,855,TA,1,148500
4,3,TA,1774,2,TA,1900,1095,TA,0,87000
5,1,Gd,792,1,Gd,1924,792,TA,0,109500
8,3,Gd,2046,2,Gd,2008,2046,Ex,1,372500
5,2,TA,988,1,TA,1961,988,TA,0,128500
6,1,TA,923,2,TA,1980,923,Gd,1,143000
5,1,TA,1520,1,TA,1932,848,TA,0,159434
6,2,TA,1291,1,Gd,1996,1291,Gd,1,173000
9,3,Gd,1668,2,Gd,2002,1668,Gd,1,285000
7,2,Gd,1839,2,TA,1998,1195,Gd,0,221000
7,2,Gd,2090,2,Gd,1984,1190,Gd,1,207500
7,2,Gd,1761,3,Gd,2007,874,Gd,0,227875
7,2,Gd,1102,2,Gd,2004,551,Gd,0,148800
8,2,Gd,1419,2,Gd,2007,1419,Gd,1,392000
6,2,Gd,1362,2,Gd,2005,1362,Gd,1,194700
6,2,Gd,848,1,Gd,2004,848,Gd,1,141000
10,3,Ex,4316,3,Ex,1994,2444,Ex,2,755000
7,2,Gd,2519,2,Gd,1989,1238,Gd,2,335000
5,1,TA,1073,1,TA,1921,1073,TA,0,108480
5,2,TA,1539,1,TA,1936,1067,TA,0,141500
6,2,TA,1137,2,Gd,1987,1137,Gd,1,176000
5,1,TA,616,1,TA,1921,616,TA,0,89000
5,1,TA,1148,1,TA,1952,1148,Ex,0,123500
5,1,TA,894,1,TA,1965,894,TA,1,138500
7,2,Gd,1391,2,Gd,2004,1391,Gd,0,196000
8,3,Gd,1800,2,Gd,2002,1800,Ex,1,312500
7,2,TA,1164,1,TA,1969,1164,TA,0,140000
8,3,Ex,2576,2,Ex,2006,1264,Ex,1,361919
5,2,TA,1812,2,Gd,1900,1032,Gd,1,140000
7,2,Gd,1484,2,Gd,2004,1484,Gd,0,213000
4,0,Fa,1092,2,Fa,1930,372,,0,55000
7,2,TA,1824,2,Gd,1971,1824,Gd,2,302000
8,2,Gd,1324,2,Gd,2006,1324,Gd,1,254000
7,2,Gd,1456,2,Gd,2007,728,Gd,1,179540
5,1,TA,904,1,TA,1966,904,TA,0,109900
3,0,Gd,729,1,TA,1935,729,TA,0,52000
4,1,TA,1178,1,TA,1900,859,TA,0,102776
8,2,Gd,1228,2,Gd,1988,1228,Gd,1,189000
4,2,TA,960,1,TA,1970,960,TA,0,129000
6,2,Gd,1479,2,Gd,1976,725,TA,0,130500
6,2,TA,1350,2,TA,1974,1350,Gd,1,165000
7,2,TA,2554,1,TA,1890,1576,TA,0,159500
5,2,TA,1178,1,Gd,1973,1178,Gd,1,157000
7,3,Gd,2418,2,Gd,1993,1325,Gd,1,341000
5,1,TA,971,1,TA,1969,971,Gd,1,128500
8,2,Gd,1742,2,Gd,1985,1742,Gd,1,275000
6,2,Gd,848,1,Gd,2004,848,Gd,0,143000
4,2,TA,864,1,TA,1970,864,TA,0,124500
4,1,TA,1470,2,TA,1954,997,TA,0,135000
9,3,Ex,1698,2,Ex,2007,1698,Ex,1,320000
4,2,TA,864,1,Gd,1970,864,TA,0,120500
6,2,Gd,1680,2,Gd,1988,1680,Gd,1,222000
7,2,Gd,1232,2,Gd,2007,1232,Gd,0,194500
5,3,TA,1776,2,TA,1958,1776,TA,0,110000
4,2,TA,1208,1,TA,1925,848,TA,0,103000
8,2,Gd,1616,2,Gd,1995,1616,Gd,1,236500
7,2,Gd,1146,2,Gd,2003,1146,Ex,1,187500
7,2,Gd,2031,2,Gd,1998,1153,Gd,1,222500
5,1,TA,1144,1,TA,1961,1144,TA,1,131400
5,1,TA,948,1,TA,1968,948,TA,0,108000
7,2,TA,1768,1,TA,1914,880,Gd,2,163000
3,2,TA,1040,2,TA,1950,1040,,0,93500
8,3,Gd,1801,2,Gd,2005,901,Gd,1,239900
5,0,TA,1200,3,TA,1987,1200,Gd,0,179000
7,2,Gd,1728,2,Gd,2004,864,Gd,0,190000
5,2,TA,1432,2,TA,1910,768,Fa,0,132000
6,1,TA,912,1,Gd,1961,912,TA,0,142000
7,2,TA,1349,2,TA,2000,1349,Gd,0,179000
5,2,TA,1464,2,TA,1963,1464,Gd,1,175000
8,2,Gd,1337,2,Gd,1993,1337,Gd,1,180000
8,2,Ex,2715,3,Gd,1976,1175,TA,2,299800
7,2,Gd,2256,2,Gd,2000,980,Gd,1,236000
7,4,Gd,2640,1,Gd,1880,1320,TA,1,265979
7,2,Gd,1720,2,Gd,1996,1720,Gd,1,260400
4,1,TA,1529,2,TA,1945,1088,,0,98000
4,0,TA,1140,1,TA,1910,792,TA,0,96500
7,2,Gd,1320,2,Gd,2003,660,Gd,0,162000
6,2,TA,1494,2,Gd,1997,1494,Gd,0,217000
8,3,Gd,2098,2,Ex,2005,1038,Gd,1,275500
6,2,TA,1026,1,Gd,1969,1026,TA,0,156000
6,2,TA,1471,2,TA,1999,742,Gd,0,172500
8,2,Gd,1768,2,Gd,2007,866,Gd,0,212000
6,2,TA,1386,2,TA,1978,672,TA,1,158900
7,2,TA,1501,2,TA,1999,757,Gd,0,179400
8,3,Gd,2531,2,Gd,1995,1328,Gd,1,290000
6,1,TA,864,1,TA,1959,864,TA,0,127500
5,2,TA,1301,1,Fa,1924,1301,TA,0,100000
7,2,TA,1547,2,Gd,2009,764,Gd,0,215200
8,3,Gd,2365,2,Gd,1999,1268,Gd,1,337000
8,2,Gd,1494,1,Ex,1995,1494,Gd,1,270000
9,2,Gd,1506,2,Ex,2008,1506,Gd,1,264132
7,2,TA,1714,2,TA,1988,980,Gd,1,196500
6,1,TA,1750,2,TA,1940,983,Gd,0,160000
7,2,Gd,1836,2,Gd,2004,1836,Gd,1,216837
8,3,Ex,3279,3,Ex,2003,1690,Gd,1,538000
5,2,TA,858,1,TA,1982,858,Gd,0,134900
4,2,TA,1220,1,TA,1951,1220,Fa,0,102000
6,2,TA,1117,1,TA,1976,1117,TA,1,107000
5,1,TA,912,1,TA,1958,912,TA,0,114500
8,3,Gd,1973,2,Gd,2006,1973,Gd,1,395000
6,2,TA,1204,2,TA,1998,1204,Ex,0,162000
7,3,Gd,1614,2,Gd,2005,1614,Gd,0,221500
5,2,TA,894,1,TA,1974,894,TA,1,142500
5,2,TA,2020,2,TA,1977,2020,,2,144000
6,2,TA,1004,1,TA,1977,1004,Gd,0,135000
7,2,TA,1253,2,TA,1995,1253,Gd,1,176000
6,2,Gd,1603,2,Gd,1992,810,Gd,0,175900
7,2,Gd,1430,2,Gd,2001,1430,Gd,0,187100
5,2,TA,1110,1,Gd,1978,1110,Gd,1,165500
6,0,TA,1484,2,TA,1914,742,TA,1,128000
6,2,TA,1342,2,TA,1967,1342,TA,1,161500
5,1,TA,1652,2,TA,1915,966,Fa,0,139000
7,2,Gd,2084,2,Gd,2004,956,Gd,0,233000
4,1,TA,901,1,TA,1954,901,TA,0,107900
6,2,TA,2087,2,Gd,1966,976,TA,0,187500
7,2,Gd,1145,2,Gd,2005,1145,Gd,1,160200
6,2,TA,1062,1,TA,1976,1062,Gd,2,146800
7,2,Gd,2013,2,TA,1996,1127,Gd,1,269790
8,2,Gd,1496,2,Gd,2007,1496,Gd,0,225000
7,2,Gd,1895,2,Gd,1994,1086,Gd,1,194500
6,2,TA,1564,2,TA,1980,888,Gd,1,171000
6,2,TA,1285,1,TA,1977,1285,TA,1,143500
5,1,TA,773,1,TA,1953,773,TA,0,110000
9,3,Ex,3140,3,Ex,2008,1966,Ex,2,485000
5,1,TA,1768,1,Gd,1937,981,Gd,2,175000
6,2,TA,1688,2,Gd,1997,616,Gd,0,200000
4,2,TA,1196,1,TA,1916,1196,TA,0,109900
7,2,Gd,1456,2,Gd,2005,728,Gd,1,189000
9,3,Ex,2822,3,Ex,2008,1734,Ex,1,582933
5,1,TA,1128,1,TA,1954,1128,TA,0,118000
7,2,Gd,1428,2,Ex,2008,1428,Gd,0,227680
5,1,TA,980,2,TA,1967,980,TA,0,135500
5,2,TA,1576,1,Gd,1923,1072,TA,1,223500
5,2,TA,1086,1,TA,1966,1086,TA,1,159950
5,2,TA,2138,2,TA,1898,1075,TA,0,106000
6,2,TA,1309,1,Gd,1974,1309,TA,1,181000
6,2,Gd,848,1,Gd,2004,848,Gd,1,144500
5,2,Fa,1044,1,Fa,1952,1044,TA,0,55993
6,1,TA,1442,1,TA,1958,1442,TA,0,157900
5,1,TA,1250,1,Fa,1918,686,TA,0,116000
7,2,TA,1661,2,Gd,1998,1661,Gd,0,224900
5,1,TA,1008,1,TA,1954,1008,TA,1,137000
8,3,Gd,1689,2,Gd,2002,1689,Gd,2,271000
6,2,TA,1052,1,TA,1971,1052,TA,0,155000
7,2,Gd,1358,2,Gd,2009,1358,Gd,1,224000
7,2,Gd,1640,2,Gd,2003,798,Gd,0,183000
4,2,Fa,936,1,TA,1953,936,Fa,0,93000
7,2,Gd,1733,2,Gd,2003,847,Gd,1,225000
6,1,TA,1489,2,TA,1940,944,TA,1,139500
8,2,Gd,1489,2,Gd,2006,1489,Gd,1,232600
10,3,Ex,2084,2,Ex,2007,2084,Ex,1,385000
5,0,TA,784,1,Gd,1924,784,TA,0,109500
7,2,Gd,1434,2,Gd,2001,1434,Gd,1,189000
5,2,TA,2126,2,TA,1967,1160,TA,0,185000
7,2,Gd,1223,2,Gd,2005,520,Gd,0,147400
6,2,TA,1392,1,TA,1957,1392,TA,2,166000
7,2,TA,1200,2,Gd,2005,520,Gd,0,151000
7,2,Gd,1829,2,Gd,2003,941,Gd,1,237000
6,2,TA,1516,1,TA,1964,1516,TA,0,167000
5,2,TA,1144,1,TA,1961,1144,TA,0,139950
4,2,TA,1067,2,Gd,1950,1067,Gd,0,128000
5,2,TA,1559,1,TA,1948,1559,TA,0,153500
6,1,TA,987,1,TA,1973,483,TA,0,100000
5,1,TA,1099,1,Gd,1995,1099,Gd,0,144000
5,1,TA,1200,1,TA,1946,768,TA,0,130500
6,1,TA,1482,2,Fa,1925,810,TA,0,140000
5,2,TA,1539,2,Gd,1904,958,TA,1,157500
6,2,TA,1165,1,TA,1966,1165,TA,0,174900
5,0,TA,1800,2,TA,1961,1800,TA,0,141000
5,3,TA,1416,1,TA,1915,876,TA,1,153900
5,2,TA,1701,2,TA,1975,1701,Gd,2,171000
7,2,Gd,1775,2,Gd,1993,1006,Gd,1,213000
5,1,TA,864,1,TA,1972,864,TA,1,133500
6,2,TA,2358,3,TA,1908,1307,TA,1,240000
6,2,Gd,1855,2,TA,1976,1094,TA,1,187000
6,2,Gd,848,1,Gd,2003,848,Gd,0,131500
8,2,Gd,1456,2,Gd,2003,1456,Gd,1,215000
7,1,TA,1646,2,TA,1941,918,TA,2,164000
6,2,TA,1445,1,TA,1964,1445,TA,1,158000
5,2,TA,1779,1,TA,1955,1779,TA,1,170000
5,1,TA,1040,1,TA,1962,1040,TA,0,127000
6,2,TA,1026,1,TA,1978,1026,Gd,0,147000
6,2,TA,1481,2,TA,1994,702,Gd,1,174000
7,2,TA,1370,2,TA,1976,1370,Gd,1,152000
6,2,TA,2654,2,Gd,1968,1512,TA,1,250000
7,1,Gd,1426,1,Gd,1918,912,TA,1,189950
5,2,TA,1039,1,TA,1965,1039,TA,0,131500
6,2,TA,1097,2,TA,1984,1097,Gd,0,152000
5,1,TA,1148,1,TA,1959,1148,TA,0,132500
7,2,Gd,1372,2,Gd,2007,1372,Ex,0,250580
5,2,TA,1002,1,TA,1970,1002,TA,0,148500
8,3,Gd,1646,2,Gd,2006,1646,Gd,1,248900
4,2,TA,1120,1,Fa,1961,1120,TA,0,129000
5,2,TA,2320,2,TA,1948,1547,,1,169000
7,2,Gd,1949,2,Gd,1993,1062,Gd,1,236000
5,1,TA,894,1,TA,1962,894,TA,0,109500
6,2,TA,1682,2,Gd,1998,804,Gd,0,200500
5,2,Gd,910,1,Gd,1953,910,TA,0,116000
5,1,Gd,1268,1,TA,1949,1036,TA,1,133000
5,1,TA,1131,1,TA,1941,676,TA,0,66500
8,2,Gd,2610,2,Ex,2007,1184,Gd,1,303477
4,2,TA,1040,1,TA,1963,1040,TA,0,132250
9,3,Gd,2224,2,Ex,2004,1462,Ex,1,350000
5,2,TA,1155,1,Gd,1961,1155,TA,0,148000
5,1,Gd,864,1,TA,1978,864,TA,0,136500
5,2,TA,1090,1,TA,2005,1090,Ex,0,157000
7,2,Gd,1717,2,Gd,1990,1187,Gd,1,187500
6,2,TA,1593,2,TA,1992,808,Gd,1,178000
4,1,Gd,2230,1,TA,1912,954,TA,0,118500
5,1,TA,892,1,TA,1967,892,TA,0,100000
9,2,Gd,1709,2,Gd,1999,1709,Ex,1,328900
5,2,TA,1712,2,TA,1959,1712,TA,0,145000
5,1,TA,1393,1,TA,1955,872,TA,0,135500
8,2,Gd,2217,2,Gd,1970,2217,TA,1,268000
6,2,TA,1505,1,TA,1953,1505,TA,1,149500
5,2,TA,924,1,TA,1949,672,TA,1,122900
6,2,TA,1683,2,TA,1978,918,TA,1,172500
6,1,TA,1068,1,TA,1963,1068,TA,0,154500
5,1,TA,1383,1,TA,1954,1383,Gd,1,165000
5,2,TA,1535,2,TA,1979,1535,,0,118858
6,2,TA,1796,1,TA,1963,983,TA,1,140000
4,1,TA,951,1,TA,1936,951,TA,0,106500
5,2,TA,2240,2,TA,1979,1120,,0,142953
9,3,Ex,2364,2,Ex,2009,2364,Ex,2,611657
5,1,TA,1236,1,TA,1961,1236,TA,1,135000
4,1,TA,858,1,TA,1971,858,TA,0,110000
5,1,TA,1306,1,TA,1957,1306,TA,0,153000
7,2,Gd,1509,2,Gd,2003,807,Gd,1,180000
7,3,Gd,1670,2,Gd,2006,1670,Gd,1,240000
5,1,TA,902,1,TA,1967,902,TA,0,125500
5,1,TA,1063,1,TA,1954,1063,TA,0,128000
8,3,Gd,1636,2,Gd,2006,1636,Gd,1,255000
7,1,Gd,2057,1,Gd,1936,1020,Gd,1,250000
5,2,TA,902,1,TA,1983,902,Gd,0,131000
6,2,Gd,1484,2,Gd,2005,742,Gd,1,174000
5,2,TA,2274,2,TA,1960,1105,TA,0,154300
5,1,TA,1268,1,Gd,1977,1268,Gd,0,143500
5,1,TA,1015,1,TA,1925,1015,TA,0,88000
5,3,TA,2002,2,TA,1949,1001,TA,0,145000
6,2,Gd,1224,2,Gd,2009,612,Gd,0,173733
4,1,TA,1092,1,TA,1970,546,TA,0,75000
2,1,TA,480,0,TA,1949,480,TA,0,35311
4,1,TA,1229,1,TA,1956,1229,TA,0,135000
7,3,Gd,2127,2,Gd,1991,912,Ex,1,238000
6,2,Ex,1414,1,TA,1958,1414,Gd,1,176500
6,2,Gd,1721,2,Gd,1994,936,Gd,0,201000
5,0,TA,2200,2,TA,1900,1272,TA,0,145900
6,2,Gd,1316,2,Gd,2005,1316,Gd,1,169990
6,2,Gd,1617,2,Gd,1993,1617,Gd,1,193000
6,2,TA,1686,2,TA,1980,1686,Gd,1,207500
5,2,TA,1126,2,Ex,1977,1126,Gd,0,175000
8,3,Gd,2374,2,Ex,2003,1234,Gd,1,285000
7,2,TA,1978,2,TA,1968,1098,TA,1,176000
8,2,Gd,1788,2,Ex,2001,1788,Gd,1,236500
7,2,TA,2236,2,Gd,1997,993,Gd,1,222000
8,3,Gd,1466,2,Gd,2007,1466,Gd,0,201000
5,1,TA,925,1,TA,1965,925,TA,0,117500
9,3,Ex,1905,2,Ex,2006,1905,Ex,1,320000
7,2,Gd,1500,2,Gd,2004,1500,Gd,0,190000
7,2,TA,2069,2,Gd,1960,2069,Gd,1,242000
4,2,TA,747,1,TA,1926,747,Fa,0,79900
7,2,Gd,1200,2,Gd,2003,1200,Gd,0,184900
7,2,Gd,1971,2,Gd,2005,1113,Gd,1,253000
7,3,Gd,1962,2,Gd,2006,1391,Gd,0,239799
7,1,TA,2403,2,TA,1940,1207,TA,2,244400
6,2,TA,1728,2,TA,1976,1728,TA,0,150900
7,2,Gd,2060,2,Gd,1999,1022,Gd,1,214000
4,0,TA,1440,2,TA,1977,1440,Gd,0,150000
5,2,TA,1632,2,TA,1967,1632,TA,0,143000
6,2,TA,1344,1,Gd,1958,1344,TA,1,137500
5,2,TA,1869,1,TA,1890,1188,TA,0,124900
5,1,TA,1144,1,TA,1959,1144,TA,1,143000
8,3,Gd,1629,2,Gd,2002,1629,Gd,1,270000
7,2,Gd,1776,2,Gd,2002,936,Gd,1,192500
6,2,TA,1381,1,Gd,1972,1381,TA,1,197500
5,2,TA,864,1,Gd,1950,864,TA,0,129000
5,1,TA,965,1,TA,1965,965,TA,0,119900
5,1,TA,768,1,TA,1972,768,Gd,0,133900
5,2,TA,1968,2,TA,1969,1168,TA,1,172000
6,0,TA,980,2,TA,1975,980,Gd,0,127500
6,2,TA,1958,2,TA,1946,979,Gd,0,145000
6,2,TA,1229,1,TA,1980,561,Gd,1,124000
5,2,TA,1057,1,TA,1962,1057,TA,0,132000
7,2,Gd,1337,2,Gd,2003,1337,Gd,0,185000
7,2,Gd,1416,2,Gd,1999,696,Gd,0,155000
5,0,TA,858,1,TA,1958,858,TA,0,116500
6,2,TA,2872,2,TA,1977,1542,Gd,1,272000
6,2,TA,1548,2,Gd,1976,804,Gd,1,155000
9,2,Gd,1800,2,Ex,2007,1800,Ex,0,239000
7,2,Gd,1894,2,Gd,2002,824,Gd,1,214900
6,2,Gd,1484,2,Gd,2005,783,Gd,1,178900
5,1,Gd,1308,1,TA,1940,976,TA,2,160000
5,1,TA,1098,1,TA,1955,1098,TA,0,135000
3,0,TA,968,1,TA,1910,600,TA,0,37900
6,1,TA,1095,1,TA,1958,1095,TA,0,140000
4,0,TA,1192,1,TA,1949,720,TA,0,135000
7,2,Gd,1626,2,Gd,2003,764,Gd,0,173000
6,1,TA,918,2,TA,1979,918,Gd,1,99500
7,2,Gd,1428,2,Gd,2007,1428,Gd,0,182000
7,2,TA,2019,1,Gd,1910,1136,Gd,0,167500
7,2,Gd,1382,2,Gd,2000,673,Gd,0,165000
4,0,TA,869,1,Fa,1923,869,Gd,0,85500
7,2,Gd,1241,1,Gd,2006,1241,Gd,0,199900
4,2,TA,894,1,TA,1954,894,TA,0,110000
5,2,TA,1121,1,TA,1963,1121,TA,0,139000
7,2,Ex,999,1,Ex,1961,999,TA,0,178400
8,3,Gd,2612,2,Gd,1998,1276,Gd,1,336000
7,2,Gd,1266,2,Gd,2007,1266,Gd,1,159895
8,2,Gd,2290,2,Gd,2002,1149,Gd,1,255900
5,2,TA,1734,2,Gd,1977,1302,,0,126000
5,1,TA,1164,1,TA,1950,1164,TA,0,125000
6,1,TA,1635,1,Gd,1910,1001,TA,0,117000
9,3,Ex,1940,2,Ex,2009,1940,Ex,1,395192
6,2,TA,2030,2,Gd,1976,1118,TA,1,195000
7,2,Gd,1576,2,Gd,2006,778,Gd,0,197000
8,3,Gd,2392,2,Gd,1997,1407,Gd,1,348000
8,2,Gd,1742,1,Gd,1882,916,TA,1,168000
6,2,TA,1851,2,Gd,1964,1020,TA,1,187000
6,2,TA,1500,2,Gd,2005,750,Gd,0,173900
10,3,Ex,1718,2,Ex,2006,1718,Ex,1,337500
4,1,TA,1230,1,TA,1946,774,TA,0,121600
5,1,TA,1050,1,TA,1961,1050,TA,0,136500
6,2,TA,1442,2,TA,1970,1442,TA,1,185000
3,1,TA,1077,1,TA,1922,1077,TA,1,91000
7,2,Gd,1208,2,Gd,2006,1208,Gd,0,206000
3,2,TA,944,1,Fa,1952,944,,0,82000
5,1,TA,691,1,Ex,1920,691,Fa,0,86000
8,3,Gd,1574,2,Gd,2006,1574,Gd,1,232000
5,2,TA,1680,2,TA,1976,1680,TA,0,136905
7,2,Gd,1504,2,Gd,2005,1504,Gd,1,181000
5,1,Gd,985,2,TA,1977,985,Gd,0,149900
6,2,TA,1657,2,TA,1970,1657,Gd,1,163500
4,1,TA,1092,1,TA,1970,546,TA,0,88000
7,2,Gd,1710,2,Gd,2004,1710,Ex,1,240000
5,0,TA,1522,2,TA,1926,1008,TA,0,102000
5,1,TA,1271,2,TA,1948,720,TA,1,135000
5,0,TA,1664,2,TA,1965,1664,,0,100000
6,1,TA,1502,1,Gd,1923,900,TA,2,165000
5,1,TA,1022,1,TA,1910,1022,TA,0,85000
6,1,TA,1082,1,TA,1948,1082,TA,1,119200
8,2,Gd,1665,2,Gd,2001,810,Gd,0,227000
7,2,Gd,1504,2,Gd,1996,1504,Gd,1,203000
8,2,Gd,1360,1,Gd,1984,1360,Gd,1,187500
7,2,Gd,1472,2,Gd,1991,802,Gd,1,160000
7,2,Gd,1506,2,Gd,2005,1506,Gd,1,213490
4,2,TA,1132,1,Gd,2005,1132,Gd,0,176000
7,2,Gd,1220,2,Gd,2006,1220,Gd,0,194000
5,1,TA,1248,1,TA,1930,912,TA,0,87000
7,2,Gd,1504,2,Gd,2005,1504,Gd,1,191000
8,2,Gd,2898,2,Gd,1976,2898,Gd,1,287000
5,2,TA,882,1,TA,1972,882,TA,0,112500
5,2,TA,1264,1,TA,1960,1264,TA,2,167500
8,3,Gd,1646,2,Gd,2007,1646,Gd,1,293077
5,1,TA,1376,1,TA,1941,968,TA,1,105000
6,1,TA,1218,1,TA,1972,672,TA,0,118000
5,0,TA,1928,2,TA,1916,948,TA,0,160000
7,2,TA,3082,2,TA,1920,1687,TA,2,197000
8,3,Gd,2520,2,Gd,1993,1352,Gd,1,310000
7,3,Gd,1654,2,Gd,2002,1654,Gd,0,230000
5,1,TA,954,1,Fa,1938,954,Fa,1,119750
4,1,TA,845,1,TA,1957,845,,0,84000
9,3,Gd,1620,2,Ex,2007,1620,Ex,1,315500
8,2,Gd,2263,2,Gd,2001,1055,Gd,1,287000
4,0,TA,1344,1,TA,1970,798,TA,1,97000
4,1,TA,630,1,TA,1970,630,Gd,0,80000
5,2,TA,1803,2,TA,1957,1803,TA,1,155000
6,2,TA,1632,1,Gd,1966,800,TA,0,173000
6,2,Gd,1306,2,Gd,2005,1306,Gd,1,196000
7,2,TA,2329,2,Gd,1990,1532,Gd,1,262280
8,2,Gd,2524,2,Gd,1981,2524,Gd,1,278000
3,2,TA,1733,2,TA,1955,1733,,1,139600
9,3,Gd,2868,3,Ex,2005,1992,Ex,1,556581
5,2,TA,990,1,TA,1994,990,Gd,0,145000
5,2,TA,1771,1,TA,1960,1771,,1,115000
4,1,TA,930,1,Gd,1946,930,,0,84900
7,2,Gd,1302,2,Gd,2007,1302,Gd,0,176485
7,2,Gd,1316,2,Gd,2007,1316,Gd,1,200141
6,2,TA,1977,1,TA,1964,1127,TA,1,165000
5,1,TA,1526,1,TA,1957,1526,TA,1,144500
8,2,Gd,1989,2,Gd,2002,1091,Gd,1,255000
6,2,TA,1523,2,TA,1976,1523,Gd,1,180000
7,2,Gd,1364,2,Gd,2005,1364,Gd,1,185850
7,2,Gd,1850,2,Gd,1994,979,Gd,1,248000
9,3,Ex,2184,2,Ex,2008,1130,Ex,1,335000
6,2,TA,1991,1,TA,1932,1096,TA,1,220000
8,2,Gd,1338,2,Gd,2001,1338,Gd,0,213500
3,3,Fa,894,1,TA,1935,894,TA,0,81000
5,2,TA,2337,2,TA,1900,1422,TA,0,90000
6,2,TA,1103,1,Gd,1925,1103,TA,1,110500
5,2,TA,1154,1,TA,1966,1154,TA,1,154000
7,2,Gd,2260,2,Gd,1996,1306,Ex,0,328000
6,2,Gd,1571,2,TA,1993,799,Gd,1,178000
6,2,TA,1611,1,TA,1964,798,TA,0,167900
6,2,TA,2521,2,TA,1973,1291,Gd,1,151400
5,2,TA,893,1,Gd,1949,893,TA,0,135000
5,1,TA,1048,1,TA,1956,1048,TA,0,135000
6,2,TA,1556,1,TA,1968,829,TA,0,154000
5,1,TA,1456,1,TA,1948,1002,Fa,1,91500
6,2,TA,1426,1,TA,1977,698,TA,0,159500
7,3,Gd,1240,2,Gd,2006,1240,Gd,0,194000
7,1,TA,1740,1,TA,1940,960,TA,2,219500
5,2,TA,1466,2,Gd,1936,1096,Fa,1,170000
5,1,TA,1096,1,TA,1969,1096,TA,0,138800
6,2,Gd,848,1,Gd,2004,848,Gd,1,155900
5,1,TA,990,1,TA,1994,990,Gd,0,126000
6,2,Gd,1258,2,Gd,1971,1258,TA,0,145000
5,1,TA,1040,1,TA,1963,1040,TA,0,133000
7,2,Gd,1459,2,Gd,2002,1459,Gd,1,192000
6,1,TA,1251,1,TA,1964,1251,TA,2,160000
6,2,TA,1498,2,TA,1995,691,Gd,1,187500
6,2,TA,996,1,Gd,1992,996,Gd,0,147000
4,1,TA,1092,1,TA,1973,546,TA,0,83500
8,3,Gd,1953,2,Gd,2005,1082,Gd,1,252000
7,2,Gd,1709,2,Gd,2004,970,Gd,0,137500
8,2,Gd,1247,1,Gd,2005,1247,Gd,1,197000
3,2,TA,1040,2,TA,1950,1040,,0,92900
7,2,Gd,1252,2,Gd,1999,624,Gd,0,160000
6,2,TA,1694,2,TA,1925,1390,TA,1,136500
5,2,TA,1200,1,Gd,1965,1200,TA,0,146000
5,1,TA,936,1,TA,1956,936,TA,0,129000
6,2,Gd,1314,2,Gd,2006,1314,Gd,1,176432
6,0,TA,1355,1,Gd,1914,773,TA,0,127000
8,2,Gd,1088,1,Gd,1986,1088,Gd,0,170000
4,1,TA,1324,1,TA,1936,757,TA,0,128000
7,2,TA,1601,2,TA,1978,1601,Gd,1,157000
2,1,TA,438,1,Fa,1920,438,TA,0,60000
5,1,TA,950,1,TA,1971,950,TA,0,119500
5,1,TA,1134,1,TA,1960,1134,TA,0,135000
6,2,TA,1194,1,TA,1959,1194,TA,1,159500
5,2,TA,1302,2,TA,1970,630,TA,0,106000
8,2,Gd,2622,2,Gd,1994,1500,Ex,2,325000
7,2,Gd,1442,2,Gd,1990,1442,Gd,1,179900
7,2,Gd,2021,2,Gd,2006,887,Ex,1,274725
6,2,TA,1690,2,TA,2000,948,Gd,1,181000
8,3,Gd,1836,2,Gd,2004,1836,Ex,1,280000
6,2,TA,1658,2,TA,1995,773,Gd,1,188000
7,2,TA,1964,2,TA,1976,1098,TA,1,205000
5,1,TA,816,1,TA,1957,816,TA,0,129900
5,1,TA,1008,1,Gd,1953,1008,TA,0,134500
5,1,TA,833,1,Gd,1954,833,TA,0,117000
8,3,Gd,1734,2,Ex,2007,1734,Ex,1,318000
8,2,Gd,1419,2,Gd,2002,779,Gd,1,184100
5,2,TA,894,1,Gd,1967,894,TA,0,130000
5,1,TA,1601,1,TA,1958,1021,TA,0,140000
5,1,TA,1040,1,TA,1959,1040,TA,0,133700
6,1,TA,1012,1,TA,1920,1012,TA,1,118400
7,3,Gd,1552,2,Gd,2005,1552,Gd,0,212900
4,1,TA,960,1,TA,1956,960,TA,0,112000
5,0,TA,698,1,TA,1947,698,TA,0,118000
7,2,TA,1482,2,Gd,1992,812,Gd,1,163900
4,2,TA,1005,1,Fa,1955,1005,TA,1,115000
7,3,Gd,1555,2,Gd,2007,1555,Gd,1,174000
7,3,Gd,1530,2,Gd,2004,1530,Gd,1,259000
7,2,Gd,1959,2,Gd,2004,847,Gd,1,215000
5,2,TA,936,1,TA,1980,936,Gd,0,140000
4,2,TA,1981,2,Gd,1928,1328,TA,2,135000
5,0,TA,974,1,TA,1991,974,Gd,0,93500
6,1,TA,2210,2,Fa,1880,1178,TA,0,117500
8,2,Gd,2020,2,Gd,1995,1142,Gd,1,239500
6,2,TA,1600,2,TA,1997,916,Gd,1,169000
6,1,TA,986,1,TA,1926,986,TA,1,102000
6,1,TA,1252,1,TA,1950,1032,TA,0,119000
5,0,TA,1020,1,TA,1875,780,TA,0,94000
6,2,TA,1567,2,Gd,1977,1567,TA,2,196000
5,2,TA,1167,1,TA,1920,1167,TA,1,144000
5,2,TA,952,1,TA,1951,952,TA,0,139000
5,2,TA,1868,2,Gd,1976,1088,TA,1,197500
8,3,Gd,2828,3,Gd,2006,1466,Ex,1,424870
5,0,TA,1006,1,TA,1959,1006,TA,0,80000
4,1,TA,924,1,Fa,1941,672,Gd,0,80000
5,1,TA,1576,1,TA,1928,1042,TA,1,149000
6,2,Gd,1298,2,Gd,1985,1298,Gd,1,180000
7,1,TA,1564,1,Fa,1941,860,TA,1,174500
7,1,TA,1111,1,TA,1926,572,TA,1,116900
7,2,TA,1482,1,TA,1920,832,TA,0,143000
6,1,TA,932,1,Gd,1950,932,TA,1,124000
5,2,TA,1466,1,Fa,1959,1466,TA,2,149900
6,2,TA,1811,1,Ex,1956,1811,TA,1,230000
6,1,Gd,816,1,TA,1930,816,TA,0,120500
7,2,TA,1820,1,Gd,1965,902,TA,2,201800
5,2,Gd,1437,2,Gd,1976,1437,Gd,1,218000
5,2,TA,1265,2,Gd,1965,1265,TA,1,179900
7,2,Gd,1314,2,Gd,2007,1314,Gd,1,230000
8,3,Gd,1580,2,Gd,2007,1580,Gd,0,235128
6,2,Gd,1876,2,Gd,1974,943,TA,1,185000
6,2,TA,1456,2,TA,1978,855,Gd,1,146000
6,2,Gd,1640,1,Gd,1954,1640,TA,1,224000
5,2,TA,894,1,TA,1968,894,Gd,1,129000
4,2,TA,1258,0,TA,1969,1258,Gd,0,108959
5,2,TA,1432,1,Gd,1978,1432,Gd,1,194000
7,2,Gd,1502,2,Gd,2009,1502,Gd,0,233170
8,3,Gd,1694,2,Gd,2008,1694,Gd,0,245350
6,2,TA,1671,2,TA,2000,959,Gd,1,173000
6,2,TA,2108,2,Gd,1935,1236,TA,2,235000
10,3,Gd,3627,3,Gd,1995,1831,Ex,1,625000
6,1,TA,1118,1,TA,1977,1118,TA,1,171000
6,2,TA,1261,1,TA,1958,1261,TA,1,163000
7,2,Gd,1250,2,Gd,2006,625,Gd,0,171900
5,0,TA,3086,3,Ex,1946,1636,TA,1,200500
6,2,TA,2345,2,TA,1932,1170,Gd,1,239000
8,2,Gd,2872,2,Gd,1992,2129,Gd,1,285000
5,1,TA,923,1,TA,1984,923,TA,0,119500
6,1,TA,1224,1,TA,1926,818,TA,0,115000
5,1,TA,1343,1,TA,1921,820,TA,1,154900
5,0,TA,1124,1,TA,1954,1124,,1,93000
7,2,TA,2514,2,TA,1990,1298,Gd,0,250000
8,2,Ex,1652,2,Gd,2008,1652,Ex,1,392500
10,3,Gd,4476,3,Ex,1996,2411,Ex,2,745000
5,2,TA,1130,1,TA,1920,1130,TA,1,120000
5,3,TA,1572,1,TA,1963,1572,TA,2,186700
5,1,TA,1221,1,TA,1924,949,TA,0,104900
3,2,TA,1699,2,TA,1900,1014,Fa,0,95000
8,3,Gd,1624,2,Gd,1994,1624,Gd,1,262000
7,2,Gd,1660,2,Gd,2002,831,Gd,0,195000
7,2,TA,1804,2,Gd,1999,1028,TA,1,189000
4,4,TA,1622,1,TA,1961,1622,TA,1,168000
8,2,Gd,1441,2,Gd,1999,764,Gd,0,174000
5,1,TA,1472,1,Gd,1925,842,TA,0,125000
6,2,TA,1224,2,TA,1999,1224,Ex,0,165000
6,1,TA,1352,1,TA,1969,663,TA,0,158000
6,2,TA,1456,2,Gd,2005,728,Gd,0,176000
7,3,Gd,1863,2,Gd,2006,879,Gd,1,219210
7,1,TA,1690,1,TA,1916,815,TA,1,144000
7,2,Gd,1212,2,Gd,2001,1212,Gd,0,178000
4,2,TA,1382,1,TA,1963,1382,TA,1,148000
4,1,TA,864,1,TA,1970,864,TA,0,116050
7,2,TA,1779,2,Gd,1998,866,Gd,0,197900
5,1,TA,1348,1,TA,1925,884,TA,1,117000
7,2,Gd,1630,2,Gd,2000,1630,Gd,1,213000
5,2,TA,1074,1,TA,1975,1074,Gd,0,153500
7,3,Gd,2196,2,Gd,1990,2196,Gd,1,271900
4,1,TA,1056,1,TA,1966,1056,TA,0,107000
6,2,Gd,1700,2,Gd,2003,1700,Gd,0,200000
5,2,TA,1283,1,TA,1962,1283,TA,0,140000
8,2,Gd,1660,2,Gd,2006,1660,Ex,1,290000
6,2,Gd,1845,2,Gd,1992,1055,Gd,1,189000
8,2,Gd,1752,2,TA,1988,1080,Gd,0,164000
4,1,TA,672,1,TA,1941,672,TA,0,113000
4,1,TA,960,0,TA,1965,960,TA,0,145000
5,1,TA,999,1,TA,1962,999,TA,0,134500
5,1,TA,894,1,TA,1966,894,TA,0,125000
6,2,TA,1902,2,TA,1978,1318,,0,112000
8,2,Gd,1314,2,Gd,2009,1314,Gd,0,229456
4,0,TA,912,1,TA,1947,672,,0,80500
6,0,TA,1218,1,TA,1971,672,TA,0,91500
5,1,TA,912,1,TA,1964,912,TA,0,115000
5,1,TA,1211,1,TA,1968,1211,TA,1,134000
6,1,TA,1846,2,TA,1949,1168,TA,1,143000
5,2,TA,2136,2,TA,1951,2136,TA,0,137900
7,2,Gd,1490,2,Gd,2004,788,Gd,1,184000
6,1,TA,1138,1,TA,1958,1138,TA,0,145000
6,3,Gd,1933,2,Gd,2007,894,Gd,1,214000
5,2,TA,912,1,Gd,1965,912,TA,0,147000
9,3,Ex,1702,1,Ex,2008,1702,Ex,1,367294
5,1,TA,1507,2,TA,1960,1507,TA,0,127000
5,2,TA,2620,2,TA,1977,1361,Gd,1,190000
5,2,TA,1190,1,TA,1962,1190,TA,0,132500
4,2,TA,1224,2,TA,1962,1224,,0,101800
5,2,TA,1188,1,TA,1959,1188,TA,0,142000
5,0,TA,1964,1,TA,1911,1024,TA,0,130000
5,1,TA,1784,1,TA,1914,892,Gd,0,138887
7,2,Gd,1626,2,Gd,2003,764,Gd,0,175500
7,2,Gd,1948,2,Gd,2004,847,Gd,1,195000
6,2,Gd,1141,1,TA,2005,1141,Gd,0,142500
8,2,Gd,1484,2,Ex,2006,1484,Gd,1,265900
7,2,Gd,1768,2,Gd,2003,884,Gd,0,224900
7,3,Gd,1689,2,Gd,2007,1689,Gd,0,248328
7,2,TA,1173,2,Gd,1974,1173,Gd,2,170000
10,3,Ex,2076,2,Ex,2006,2076,Ex,1,465000
8,2,TA,1517,1,Gd,1929,792,Gd,2,230000
6,2,TA,1868,3,TA,1984,1140,Gd,1,178000
7,2,Gd,1553,2,Gd,2005,756,Gd,0,186500
6,3,TA,1034,1,TA,1976,1034,TA,0,169900
6,2,TA,2058,1,TA,1917,1134,Gd,1,129500
5,1,TA,988,1,TA,1950,988,TA,0,119000
7,2,Gd,2110,2,Ex,1968,2110,TA,2,244000
7,2,Gd,1405,2,Gd,2003,1405,Gd,1,171750
5,1,TA,874,1,TA,1968,874,TA,0,130000
7,2,Gd,2167,2,Gd,1974,1516,TA,2,294000
7,2,Gd,1656,2,Gd,2003,760,Gd,1,165400
6,1,TA,1367,1,TA,1931,959,TA,1,127500
8,2,Gd,1987,2,Gd,1994,1987,Gd,1,301500
5,0,TA,864,1,TA,1922,864,Fa,0,99900
7,2,Gd,1166,2,Gd,2005,1166,Gd,0,190000
6,2,TA,1054,1,TA,1969,1054,Gd,0,151000
6,2,TA,1675,2,TA,1999,892,Gd,1,181000
5,1,TA,1050,1,TA,1956,1050,TA,0,128900
4,1,TA,1788,1,TA,1957,1104,TA,2,161500
6,2,TA,1824,1,TA,1919,1060,TA,1,180500
6,2,Gd,1337,2,Gd,1998,1337,Gd,0,181000
7,2,Gd,1452,2,Gd,1999,713,Gd,0,183900
7,1,Fa,1889,1,TA,1910,964,TA,1,122000
9,3,Ex,2018,2,Ex,2008,2018,Ex,1,378500
8,3,TA,3447,3,Gd,1935,1968,TA,2,381000
5,1,TA,1524,1,TA,1958,874,TA,0,144000
7,2,Gd,1524,0,Gd,1979,1332,Gd,1,260000
6,2,TA,1489,2,Gd,1968,1489,TA,1,185750
5,1,TA,935,1,TA,1965,935,TA,0,137000
6,1,TA,1357,1,Ex,1959,1357,TA,1,177000
5,2,TA,1250,2,TA,1910,661,TA,1,139000
5,2,TA,1920,2,TA,1948,928,TA,0,137000
6,2,TA,1395,1,TA,1972,735,TA,1,162000
6,2,TA,1724,1,TA,1967,1724,Gd,1,197900
8,2,Gd,2031,2,Gd,2002,1128,Gd,1,237000
4,2,TA,1128,1,TA,1920,698,TA,0,68400
7,2,Gd,1573,2,Gd,2002,1573,Gd,0,227000
7,2,TA,1339,2,TA,1990,1339,Gd,1,180000
5,2,TA,1040,2,Gd,1977,1040,Gd,0,150500
6,0,TA,1824,2,TA,1971,912,TA,0,139000
6,1,TA,2447,2,Gd,1919,1699,TA,1,169000
6,1,TA,1412,1,TA,1939,825,TA,1,132500
6,2,TA,1328,1,TA,1963,1328,TA,2,143000
5,2,TA,1582,2,TA,1964,1582,TA,0,190000
8,2,Gd,1659,2,Ex,2000,1659,Gd,1,278000
8,3,Gd,1970,2,Ex,2006,1120,Gd,1,281000
5,2,TA,1152,1,TA,1964,1152,TA,1,180500
5,1,TA,1302,2,TA,1972,630,TA,0,119500
5,1,TA,2372,2,TA,1892,1378,TA,0,107500
7,2,TA,1664,2,TA,1976,832,Gd,1,162900
5,2,TA,864,1,TA,1955,864,TA,0,115000
5,1,TA,1052,1,TA,1968,1052,TA,0,138500
5,2,TA,1128,2,TA,1963,1128,TA,0,155000
6,2,TA,1072,2,TA,2005,1072,Gd,0,140000
10,2,Ex,5642,2,Ex,2008,4692,Ex,3,160000
5,1,TA,1246,1,Gd,1959,1246,TA,0,154000
7,2,Gd,1983,2,Gd,1999,1005,Gd,1,225000
6,1,TA,1494,1,Gd,1942,753,TA,2,177500
8,3,Gd,2526,2,Gd,1994,1203,Gd,1,290000
7,3,Gd,1616,2,Gd,2005,1616,Gd,0,232000
7,2,Gd,1708,2,Gd,2004,976,Gd,0,130000
9,2,Gd,1652,2,Ex,2006,1652,Ex,2,325000
7,2,Gd,1368,2,Gd,2005,1368,Gd,1,202500
5,2,TA,990,1,TA,1994,990,Gd,0,138000
5,2,TA,1122,1,Gd,1948,1122,TA,0,147000
6,2,TA,1294,2,Gd,1991,1294,Gd,0,179200
7,2,Gd,1902,2,Ex,1959,1902,Gd,2,335000
7,2,Gd,1274,2,Gd,2005,1274,Gd,0,203000
8,2,Gd,2810,2,Gd,1990,1453,Ex,1,302000
9,3,Gd,2599,2,Gd,1999,1422,Gd,1,333168
4,1,TA,948,1,TA,1954,948,TA,1,119000
6,2,TA,2112,2,TA,1969,1092,Fa,2,206900
8,3,Gd,1630,2,Ex,2008,1630,Ex,1,295493
7,2,Gd,1352,2,Gd,2006,1352,Ex,1,208900
8,3,Gd,1787,2,Gd,2001,1787,Gd,1,275000
4,1,TA,948,1,TA,1954,948,TA,0,111000
6,2,TA,1478,1,TA,1957,1478,TA,2,156500
3,1,TA,720,1,TA,1949,720,,0,72500
7,2,Gd,1923,2,Gd,1992,1061,Gd,1,190000
4,0,Fa,708,1,Fa,1940,708,TA,0,82500
8,3,Gd,1795,2,Gd,2006,1795,Ex,1,147000
4,0,TA,796,1,TA,1922,796,TA,0,55000
3,0,TA,774,1,Gd,1931,774,TA,0,79000
5,1,Gd,816,1,Gd,1982,816,TA,1,130500
6,2,Gd,2792,2,TA,1920,1584,Gd,2,256000
7,2,TA,1632,2,TA,1998,955,Gd,1,176500
8,3,Gd,1588,2,Gd,2006,1588,Gd,1,227000
5,2,TA,954,1,TA,1976,954,TA,0,132500
4,1,TA,816,1,TA,1938,816,TA,1,100000
5,1,TA,1360,1,Gd,1938,803,TA,0,125500
5,2,TA,1365,1,TA,1970,765,TA,0,125000
6,2,TA,1334,2,TA,1977,1334,Gd,1,167900
5,2,TA,1656,2,TA,1973,1656,TA,0,135000
4,0,TA,693,1,Fa,1941,693,TA,0,52500
7,2,Gd,1861,2,Gd,2002,920,Gd,0,200000
5,1,TA,864,1,TA,1972,864,TA,0,128500
4,4,TA,872,1,TA,1971,872,TA,0,123000
6,2,TA,1114,1,Gd,2003,1114,Gd,0,155000
8,2,Gd,2169,2,Gd,2002,1284,Gd,1,228500
6,2,TA,1913,1,TA,1928,1172,TA,1,177000
7,2,Gd,1456,2,Gd,2006,728,Gd,1,155835
4,1,TA,960,1,Fa,1920,960,TA,0,108500
7,2,TA,2156,2,TA,1968,2156,TA,1,262500
8,3,Gd,1776,2,Gd,2006,1776,Ex,1,283463
7,2,Gd,1494,2,Gd,1998,1494,Gd,1,215000
8,0,TA,2358,2,TA,1872,938,TA,0,122000
5,4,TA,2634,2,TA,1969,1338,TA,0,200000
6,2,TA,1716,1,TA,1962,858,TA,1,171000
6,2,Gd,1176,1,TA,1937,786,TA,0,134900
8,3,Gd,3238,2,Gd,1995,2053,Gd,1,410000
7,3,Gd,1865,2,Gd,2000,992,Gd,1,235000
7,2,TA,1920,3,Gd,1968,1222,TA,1,170000
5,1,TA,892,1,TA,1966,892,TA,0,110000
5,2,TA,1078,1,TA,1971,1078,TA,1,149900
6,2,Gd,1573,2,Gd,2000,769,Gd,0,177500
9,3,Gd,1980,2,Ex,2004,1980,Ex,1,315000
5,2,TA,2601,3,TA,1921,990,TA,0,189000
7,2,Gd,1530,2,Gd,2005,1530,Ex,1,260000
4,1,TA,1738,2,TA,1920,1281,TA,1,104900
6,2,TA,1412,2,Gd,2006,616,Gd,1,156932
7,2,Gd,1200,2,Gd,2005,520,Gd,0,144152
7,2,Gd,1674,2,Gd,2000,814,Gd,0,216000
7,2,Gd,1790,2,Gd,1999,882,Gd,0,193000
5,1,TA,1475,2,TA,1977,925,TA,1,127000
6,2,Gd,848,1,Gd,2003,848,Gd,0,144000
8,2,Gd,1668,2,Gd,2003,1668,Gd,1,232000
4,1,Fa,1374,1,TA,1920,840,TA,0,105000
6,1,TA,1661,1,Gd,1955,1661,TA,1,165500
7,2,TA,2097,2,Gd,1998,1108,Gd,1,274300
10,3,Ex,2633,2,Ex,2001,2633,Ex,2,466500
7,3,Gd,1958,2,Gd,2005,1026,Gd,1,250000
8,3,Gd,1571,2,Gd,2007,1571,Gd,1,239000
6,1,TA,790,1,TA,1930,790,Gd,0,91000
5,2,TA,1604,2,TA,1941,984,TA,0,117000
6,1,TA,987,1,TA,1973,483,TA,0,83000
5,2,TA,1394,2,Gd,2006,754,Gd,0,167500
3,1,TA,864,1,TA,1914,864,TA,0,58500
6,2,TA,2117,2,TA,1970,2117,TA,2,237500
7,2,TA,1762,1,Gd,1920,998,Fa,0,157000
5,2,TA,1416,2,Gd,1918,1416,TA,0,112000
6,1,TA,1258,1,TA,1939,698,TA,0,105000
4,1,TA,1154,1,Gd,1922,796,TA,0,125500
7,2,TA,2784,3,Gd,1978,1392,Gd,2,250000
6,1,TA,2526,2,Gd,1916,1664,TA,1,136000
9,3,Ex,1746,2,Ex,2006,1746,Ex,2,377500
6,2,TA,1218,1,TA,1941,869,TA,1,131000
7,2,Gd,1525,2,Gd,2000,1525,Gd,0,235000
5,3,TA,1584,2,TA,1967,1584,TA,0,124000
5,1,TA,900,1,TA,1967,900,TA,1,123000
6,2,TA,1912,2,TA,1905,1221,Fa,1,163000
7,3,Gd,1500,2,Gd,2006,1500,Gd,1,246578
8,3,Gd,2482,2,Gd,2005,1133,Gd,1,281213
5,2,TA,1687,1,TA,1948,1687,TA,2,160000
5,1,TA,1513,1,TA,1920,939,TA,0,137500
5,1,TA,1904,1,TA,1950,1136,TA,0,138000
6,1,TA,1608,2,Gd,1925,1160,TA,1,137450
6,1,TA,1158,1,TA,1929,950,TA,1,120000
6,2,TA,1593,2,TA,2004,864,TA,1,193000
7,2,Gd,1294,2,Gd,2006,1294,Gd,1,193879
8,3,Gd,1464,2,Gd,2007,1464,Gd,0,282922
3,3,TA,1214,1,TA,1915,694,TA,0,105000
8,2,Gd,1646,2,Gd,2004,1646,Ex,1,275000
5,2,TA,768,1,TA,1972,768,Gd,0,133000
5,0,TA,833,1,TA,1985,833,TA,0,112000
4,2,TA,1363,1,TA,1910,741,Fa,0,125500
7,2,TA,2093,2,TA,1986,1236,Gd,1,215000
7,2,Gd,1840,2,Gd,2001,944,Gd,0,230000
6,1,TA,1668,1,TA,1950,1112,TA,0,140000
4,2,TA,1040,2,TA,1949,1040,,0,90000
8,2,Gd,1844,2,Gd,2005,1844,Gd,1,257000
6,2,TA,1848,1,Gd,1923,1053,TA,1,207000
7,3,Gd,1569,2,Gd,2007,1569,Gd,1,175900
4,2,TA,2290,2,TA,1885,1246,TA,0,122500
8,3,Gd,2450,2,Gd,1998,1310,Gd,1,340000
5,1,TA,1144,1,TA,1963,1144,TA,0,124000
6,2,Gd,1844,2,Gd,1969,1844,TA,1,223000
6,2,TA,1416,2,TA,1968,708,TA,1,179900
6,2,TA,1069,2,TA,1977,1069,Gd,1,127500
6,2,Gd,848,1,Gd,2003,848,Gd,0,136500
6,2,Gd,2201,2,Gd,1966,1575,Gd,1,274970
5,1,TA,1344,1,TA,1958,1344,TA,1,144000
6,2,Gd,1252,1,Gd,1959,1252,TA,0,142000
7,2,Gd,2127,2,Gd,1994,1223,Gd,2,271000
5,1,TA,1558,1,TA,1945,1048,TA,1,140000
5,1,TA,804,1,Gd,1940,804,TA,2,119000
6,2,Gd,1440,2,Gd,1981,1440,Gd,1,182900
5,2,Gd,1838,2,TA,2005,734,Gd,1,192140
6,2,TA,958,2,TA,1976,958,Gd,0,143750
4,1,TA,968,2,TA,1927,968,TA,0,64500
6,2,TA,1792,2,TA,2000,962,Gd,1,186500
5,2,TA,1126,2,TA,1977,1126,TA,1,160000
6,2,Gd,1537,1,Gd,1962,1537,TA,1,174000
4,2,TA,864,1,TA,1971,864,TA,0,120500
8,3,Ex,1932,2,Ex,2008,1932,Ex,1,394617
6,2,TA,1236,1,TA,1957,1236,TA,0,149700
7,2,TA,1725,2,TA,1979,1040,TA,1,197000
6,2,TA,2555,2,TA,1922,1423,Ex,1,191000
6,2,Gd,848,1,Gd,2004,848,Gd,1,149300
10,3,Ex,2007,2,Ex,2008,1026,Ex,1,310000
6,1,TA,952,1,Fa,1916,952,TA,1,121000
7,2,Gd,1422,2,Gd,2004,1422,Gd,0,179600
6,1,TA,913,1,TA,1966,913,TA,0,129000
5,1,TA,1188,1,TA,1962,1188,TA,0,157900
8,2,Gd,2090,2,Gd,1995,1220,Gd,1,240000
4,1,TA,1346,1,TA,1910,796,Fa,0,112000
5,0,TA,630,1,Ex,1970,630,Gd,0,92000
5,0,TA,1792,2,TA,1974,896,Gd,0,136000
8,3,Gd,1578,2,Ex,2008,1578,Gd,1,287090
5,2,TA,1072,1,TA,2005,1072,Gd,0,145000
5,0,TA,1140,1,TA,2006,1140,Gd,0,84500
7,2,Gd,1221,2,Gd,2004,1221,Gd,0,185000
6,2,TA,1647,2,TA,1999,953,Gd,1,175000
6,2,TA,2073,2,TA,1978,2073,Gd,2,210000
7,1,Ex,2340,2,Gd,1941,1188,TA,2,266500
5,1,TA,1078,1,Gd,1950,1078,TA,0,142125
5,1,Gd,1256,1,TA,1965,1256,TA,0,147500
